DateTimeUTC,EPOCH,BsG_S11,BaG_A11,T_S11,P_S11,T1_XM1
2020-05-01 00:00:00,1588291200,,0000.03,24.5,0668.1,-36.6
2020-05-01 00:01:00,1588291260,,-000.19,24.5,0668.1,-36.5
2020-05-01 00:02:00,1588291320,,0000.28,24.6,0668.1,-36.5
2020-05-01 00:03:00,1588291380,,0000.75,24.6,0668.1,-36.3
2020-05-01 00:04:00,1588291440,0002.47,0001.77,24.4,0669.0,-36.4
2020-05-01 00:05:00,1588291500,0002.93,0001.18,24.3,0669.1,-36.5
2020-05-01 00:06:00,1588291560,0002.96,0001.45,24.3,0669.1,-36.4
2020-05-01 00:07:00,1588291620,0002.49,0001.12,24.3,0669.1,-36.4
2020-05-01 00:08:00,1588291680,0003.16,0001.29,24.3,0669.1,-36.5
2020-05-01 00:09:00,1588291740,0002.94,0001.41,24.3,0669.1,-36.4
2020-05-01 00:10:00,1588291800,0003.02,0000.83,24.3,0669.1,-36.5
2020-05-01 00:11:00,1588291860,0002.63,0001.24,24.3,0669.2,-36.7
2020-05-01 00:12:00,1588291920,0003.16,0001.85,24.3,0669.2,-36.7
2020-05-01 00:13:00,1588291980,0002.87,0000.91,24.3,0669.2,-36.7
2020-05-01 00:14:00,1588292040,0003.02,0001.30,24.3,0669.1,-36.8
2020-05-01 00:15:00,1588292100,0003.02,0001.01,24.3,0669.1,-36.8
2020-05-01 00:16:00,1588292160,0002.98,0001.44,24.3,0669.1,-36.8
2020-05-01 00:17:00,1588292220,0002.83,0000.68,24.3,0669.1,-36.8
2020-05-01 00:18:00,1588292280,0002.63,0001.78,24.3,0669.1,-36.7
2020-05-01 00:19:00,1588292340,0002.94,0001.51,24.3,0669.1,-36.6
2020-05-01 00:20:00,1588292400,0003.38,0000.95,24.3,0669.1,-36.6
2020-05-01 00:21:00,1588292460,0003.38,0001.40,24.3,0669.1,-36.6
2020-05-01 00:22:00,1588292520,0002.88,0001.77,24.3,0669.1,-36.5
2020-05-01 00:23:00,1588292580,0002.72,0001.52,24.3,0669.1,-36.3
2020-05-01 00:24:00,1588292640,0002.98,0002.00,24.3,0669.1,-36.2
2020-05-01 00:25:00,1588292700,0002.68,0001.31,24.3,0669.1,-36.2
2020-05-01 00:26:00,1588292760,0003.08,0001.33,24.3,0669.1,-36.2
2020-05-01 00:27:00,1588292820,0003.13,0001.49,24.3,0669.1,-36.2
2020-05-01 00:28:00,1588292880,0002.90,0001.40,24.3,0669.1,-36.3
2020-05-01 00:29:00,1588292940,0002.86,0001.37,24.3,0669.1,-36.1
2020-05-01 00:30:00,1588293000,0003.08,0001.63,24.3,0669.1,-36.1
2020-05-01 00:31:00,1588293060,0002.75,0001.26,24.3,0669.1,-36.1
2020-05-01 00:32:00,1588293120,0002.95,0001.51,24.3,0669.1,-36.0
2020-05-01 00:33:00,1588293180,0002.71,0001.06,24.2,0669.1,-36.0
2020-05-01 00:34:00,1588293240,0002.92,0001.08,24.2,0669.1,-35.9
2020-05-01 00:35:00,1588293300,0003.35,0001.69,24.2,0669.1,-35.9
2020-05-01 00:36:00,1588293360,0002.98,0001.43,24.2,0669.1,-36.0
2020-05-01 00:37:00,1588293420,0003.52,0001.44,24.2,0669.1,-35.7
2020-05-01 00:38:00,1588293480,0002.98,0001.04,24.2,0669.1,-35.7
2020-05-01 00:39:00,1588293540,0003.14,0001.21,24.2,0669.1,-35.4
2020-05-01 00:40:00,1588293600,0003.26,0001.54,24.2,0669.1,-35.5
2020-05-01 00:41:00,1588293660,0003.24,0001.41,24.2,0669.1,-35.8
2020-05-01 00:42:00,1588293720,0003.41,0001.40,24.2,0669.1,-36.1
2020-05-01 00:43:00,1588293780,0003.56,0001.34,24.2,0669.0,-36.3
2020-05-01 00:44:00,1588293840,0003.50,0001.41,24.2,0669.1,-36.4
2020-05-01 00:45:00,1588293900,0003.53,0001.29,24.1,0669.1,-36.4
2020-05-01 00:46:00,1588293960,0003.38,0001.23,24.1,0669.0,-36.6
2020-05-01 00:47:00,1588294020,0003.18,0000.92,24.1,0669.1,-36.7
2020-05-01 00:48:00,1588294080,0003.02,0001.57,24.1,0669.0,-36.7
2020-05-01 00:49:00,1588294140,0003.20,0001.17,24.1,0669.0,-36.7
2020-05-01 00:50:00,1588294200,0003.15,0000.88,24.1,0669.0,-36.8
2020-05-01 00:51:00,1588294260,0003.37,0001.36,24.1,0669.0,-36.8
2020-05-01 00:52:00,1588294320,0003.31,0001.50,24.1,0669.0,-36.9
2020-05-01 00:53:00,1588294380,0003.68,0001.04,24.1,0669.0,-37.0
2020-05-01 00:54:00,1588294440,0003.44,0001.17,24.1,0669.0,-37.1
2020-05-01 00:55:00,1588294500,0003.09,0001.88,24.1,0669.0,-37.2
2020-05-01 00:56:00,1588294560,0003.01,0001.14,24.1,0669.0,-37.2
2020-05-01 00:57:00,1588294620,,0000.73,24.1,0669.1,-37.3
2020-05-01 00:58:00,1588294680,,-000.31,24.2,0668.1,-37.3
2020-05-01 00:59:00,1588294740,,-000.26,24.3,0668.0,-37.4
2020-05-01 01:00:00,1588294800,,0000.39,24.3,0668.0,-37.4
2020-05-01 01:01:00,1588294860,,-000.32,24.3,0668.0,-37.4
2020-05-01 01:02:00,1588294920,,-000.16,24.4,0668.0,-37.4
2020-05-01 01:03:00,1588294980,,0001.15,24.4,0668.0,-37.4
2020-05-01 01:04:00,1588295040,0002.91,0001.36,24.2,0668.9,-37.4
2020-05-01 01:05:00,1588295100,0003.38,0000.94,24.1,0669.0,-37.3
2020-05-01 01:06:00,1588295160,0003.32,0001.09,24.1,0669.0,-37.3
2020-05-01 01:07:00,1588295220,0002.98,0001.31,24.1,0669.0,-37.3
2020-05-01 01:08:00,1588295280,0003.07,0001.35,24.1,0669.0,-37.4
2020-05-01 01:09:00,1588295340,0003.02,0000.94,24.1,0669.0,-37.4
2020-05-01 01:10:00,1588295400,0003.28,0001.12,24.1,0669.0,-37.3
2020-05-01 01:11:00,1588295460,0003.14,0000.76,24.1,0669.0,-37.2
2020-05-01 01:12:00,1588295520,0003.34,0001.34,24.1,0669.0,-37.2
2020-05-01 01:13:00,1588295580,0002.94,0001.08,24.1,0669.0,-37.2
2020-05-01 01:14:00,1588295640,0003.16,0001.98,24.0,0669.0,-37.1
2020-05-01 01:15:00,1588295700,0002.82,0000.82,24.0,0669.0,-37.2
2020-05-01 01:16:00,1588295760,0003.30,0001.59,24.0,0669.0,-37.3
2020-05-01 01:17:00,1588295820,0002.85,0000.98,24.0,0669.0,-37.5
2020-05-01 01:18:00,1588295880,0002.82,0001.07,24.0,0669.0,-37.7
2020-05-01 01:19:00,1588295940,0002.56,0001.21,24.0,0669.0,-37.7
2020-05-01 01:20:00,1588296000,0002.98,0001.51,24.0,0669.0,-37.7
2020-05-01 01:21:00,1588296060,0002.82,0000.53,24.0,0669.0,-37.6
2020-05-01 01:22:00,1588296120,0002.75,0001.42,24.0,0669.0,-37.5
2020-05-01 01:23:00,1588296180,0002.80,0001.47,24.0,0669.0,-37.3
2020-05-01 01:24:00,1588296240,0002.78,0001.09,23.9,0669.0,-37.2
2020-05-01 01:25:00,1588296300,0002.59,0001.49,23.9,0669.0,-37.5
2020-05-01 01:26:00,1588296360,0003.07,0001.41,23.9,0669.0,-37.6
2020-05-01 01:27:00,1588296420,0003.02,0001.19,23.9,0669.0,-37.7
2020-05-01 01:28:00,1588296480,0002.96,0000.99,23.9,0669.0,-37.6
2020-05-01 01:29:00,1588296540,0003.16,0001.75,23.9,0669.1,-37.6
2020-05-01 01:30:00,1588296600,0003.10,0000.87,23.9,0669.0,-37.8
2020-05-01 01:31:00,1588296660,0002.95,0001.29,23.9,0669.1,-37.9
2020-05-01 01:32:00,1588296720,0003.16,0001.18,23.9,0669.1,-38.0
2020-05-01 01:33:00,1588296780,0003.34,0001.39,23.9,0669.0,-38.1
2020-05-01 01:34:00,1588296840,0003.61,0001.38,23.9,0669.0,-38.2
2020-05-01 01:35:00,1588296900,0003.33,0001.48,23.9,0669.0,-38.0
2020-05-01 01:36:00,1588296960,0003.31,0001.61,23.9,0669.0,-38.0
2020-05-01 01:37:00,1588297020,0003.57,0001.42,23.9,0669.0,-38.0
2020-05-01 01:38:00,1588297080,0002.98,0001.70,23.8,0669.0,-38.1
2020-05-01 01:39:00,1588297140,0003.62,0001.19,23.8,0669.0,-38.4
2020-05-01 01:40:00,1588297200,0003.18,0001.16,23.8,0669.0,-38.5
2020-05-01 01:41:00,1588297260,0003.28,0001.29,23.8,0669.0,-38.5
2020-05-01 01:42:00,1588297320,0003.49,0001.21,23.8,0669.0,-38.5
2020-05-01 01:43:00,1588297380,0002.83,0000.85,23.8,0669.0,-38.5
2020-05-01 01:44:00,1588297440,0003.73,0001.05,23.8,0669.0,-38.4
2020-05-01 01:45:00,1588297500,0003.27,0000.64,23.8,0669.0,-38.2
2020-05-01 01:46:00,1588297560,0002.99,0001.43,23.8,0669.0,-37.9
2020-05-01 01:47:00,1588297620,0003.12,0001.33,23.8,0669.0,-37.6
2020-05-01 01:48:00,1588297680,0003.27,0001.49,23.8,0669.0,-37.6
2020-05-01 01:49:00,1588297740,0003.31,0000.94,23.8,0669.0,-37.7
2020-05-01 01:50:00,1588297800,0003.19,0001.52,23.8,0669.0,-37.8
2020-05-01 01:51:00,1588297860,0002.93,0001.76,23.8,0669.0,-37.8
2020-05-01 01:52:00,1588297920,0003.03,0000.84,23.8,0669.0,-37.9
2020-05-01 01:53:00,1588297980,0003.02,0001.61,23.8,0669.0,-38.0
2020-05-01 01:54:00,1588298040,0003.46,0001.50,23.8,0669.0,-37.9
2020-05-01 01:55:00,1588298100,0003.01,0001.24,23.8,0669.0,-37.9
2020-05-01 01:56:00,1588298160,0003.08,0001.29,23.8,0669.0,-37.8
2020-05-01 01:57:00,1588298220,,0001.01,23.9,0669.0,-37.8
2020-05-01 01:58:00,1588298280,,-000.32,24.0,0668.0,-37.7
2020-05-01 01:59:00,1588298340,,-000.21,24.1,0668.0,-37.7
2020-05-01 02:00:00,1588298400,,-000.03,24.0,0668.0,-37.7
2020-05-01 02:01:00,1588298460,,-000.13,24.1,0668.0,-37.4
2020-05-01 02:02:00,1588298520,,-000.06,24.1,0668.0,-37.4
2020-05-01 02:03:00,1588298580,,0000.68,24.1,0668.0,-37.5
2020-05-01 02:04:00,1588298640,0003.48,0001.08,23.9,0668.9,-37.3
2020-05-01 02:05:00,1588298700,0003.13,0001.35,23.9,0669.0,-37.6
2020-05-01 02:06:00,1588298760,0003.68,0001.21,23.8,0669.0,-37.8
2020-05-01 02:07:00,1588298820,0003.48,0001.47,23.8,0669.0,-37.5
2020-05-01 02:08:00,1588298880,0003.41,0001.78,23.8,0669.0,-37.7
2020-05-01 02:09:00,1588298940,0003.22,0001.56,23.8,0669.0,-38.1
2020-05-01 02:10:00,1588299000,0003.69,0001.59,23.8,0669.0,-38.0
2020-05-01 02:11:00,1588299060,0003.12,0001.42,23.8,0669.0,-38.0
2020-05-01 02:12:00,1588299120,0003.52,0001.19,23.8,0669.0,-38.2
2020-05-01 02:13:00,1588299180,0003.71,0002.08,23.8,0669.0,-38.3
2020-05-01 02:14:00,1588299240,0003.30,0000.85,23.8,0669.0,-38.4
2020-05-01 02:15:00,1588299300,0003.57,0001.47,23.8,0669.0,-38.5
2020-05-01 02:16:00,1588299360,0003.59,0001.44,23.8,0669.0,-38.6
2020-05-01 02:17:00,1588299420,0003.63,0001.39,23.8,0669.0,-38.6
2020-05-01 02:18:00,1588299480,0003.19,0001.45,23.8,0669.0,-38.6
2020-05-01 02:19:00,1588299540,0003.43,0000.90,23.8,0669.0,-38.5
2020-05-01 02:20:00,1588299600,0003.17,0001.33,23.8,0669.0,-38.7
2020-05-01 02:21:00,1588299660,0003.53,0001.79,23.8,0669.0,-38.7
2020-05-01 02:22:00,1588299720,0003.18,0000.91,23.8,0669.0,-38.6
2020-05-01 02:23:00,1588299780,0003.11,0001.57,23.8,0669.0,-38.6
2020-05-01 02:24:00,1588299840,0003.62,0000.74,23.8,0669.0,-38.8
2020-05-01 02:25:00,1588299900,0003.04,0001.46,23.8,0669.0,-38.8
2020-05-01 02:26:00,1588299960,0003.36,0000.83,23.8,0669.0,-38.7
2020-05-01 02:27:00,1588300020,0003.56,0001.18,23.7,0669.0,-38.7
2020-05-01 02:28:00,1588300080,0003.19,0001.11,23.7,0669.0,-38.9
2020-05-01 02:29:00,1588300140,0002.66,0001.19,23.7,0669.0,-38.9
2020-05-01 02:30:00,1588300200,0003.13,0001.16,23.7,0669.0,-39.0
2020-05-01 02:31:00,1588300260,0003.35,0001.20,23.7,0669.0,-39.1
2020-05-01 02:32:00,1588300320,0003.07,0001.08,23.7,0669.0,-39.2
2020-05-01 02:33:00,1588300380,0003.26,0001.42,23.7,0669.0,-39.2
2020-05-01 02:34:00,1588300440,0003.09,0001.01,23.7,0669.0,-39.2
2020-05-01 02:35:00,1588300500,0003.19,0001.37,23.7,0669.0,-39.4
2020-05-01 02:36:00,1588300560,0002.98,0001.08,23.7,0669.0,-39.4
2020-05-01 02:37:00,1588300620,0003.07,0001.36,23.7,0669.0,-39.4
2020-05-01 02:38:00,1588300680,0003.33,0000.52,23.7,0669.0,-39.5
2020-05-01 02:39:00,1588300740,0002.98,0001.49,23.6,0669.0,-39.6
2020-05-01 02:40:00,1588300800,0003.19,0000.91,23.6,0669.0,-39.6
2020-05-01 02:41:00,1588300860,0003.58,0001.44,23.6,0669.0,-39.6
2020-05-01 02:42:00,1588300920,0003.26,0000.92,23.6,0669.0,-39.6
2020-05-01 02:43:00,1588300980,0003.24,0001.46,23.6,0669.0,-39.7
2020-05-01 02:44:00,1588301040,0003.33,0001.60,23.6,0669.0,-39.7
2020-05-01 02:45:00,1588301100,0002.64,0000.82,23.6,0669.0,-39.8
2020-05-01 02:46:00,1588301160,0003.19,0001.35,23.6,0669.0,-39.8
2020-05-01 02:47:00,1588301220,0003.01,0001.10,23.6,0669.0,-39.8
2020-05-01 02:48:00,1588301280,0003.09,0001.60,23.6,0669.0,-39.7
2020-05-01 02:49:00,1588301340,0003.13,0000.98,23.6,0668.9,-39.6
2020-05-01 02:50:00,1588301400,0003.08,0001.88,23.6,0668.9,-39.7
2020-05-01 02:51:00,1588301460,0003.35,0001.59,23.6,0668.9,-39.7
2020-05-01 02:52:00,1588301520,0003.04,0000.94,23.6,0668.9,-39.8
2020-05-01 02:53:00,1588301580,0003.20,0001.34,23.6,0668.9,-39.8
2020-05-01 02:54:00,1588301640,0003.06,0001.31,23.5,0668.9,-39.7
2020-05-01 02:55:00,1588301700,0002.97,0001.11,23.5,0668.9,-39.6
2020-05-01 02:56:00,1588301760,0003.25,0001.40,23.5,0668.9,-39.4
2020-05-01 02:57:00,1588301820,,0002.04,23.6,0668.9,-39.2
2020-05-01 02:58:00,1588301880,,-001.07,23.7,0667.9,-38.9
2020-05-01 02:59:00,1588301940,,-000.55,23.8,0667.9,-38.7
2020-05-01 03:00:00,1588302000,,-000.28,23.8,0667.9,-38.8
2020-05-01 03:01:00,1588302060,,-000.20,23.8,0667.9,-38.9
2020-05-01 03:02:00,1588302120,,-000.24,23.8,0667.9,-38.9
2020-05-01 03:03:00,1588302180,,0000.55,23.8,0667.9,-38.8
2020-05-01 03:04:00,1588302240,0003.14,0001.61,23.6,0668.8,-38.9
2020-05-01 03:05:00,1588302300,0003.28,0001.55,23.6,0668.9,-39.4
2020-05-01 03:06:00,1588302360,0003.23,0000.81,23.6,0668.9,-39.7
2020-05-01 03:07:00,1588302420,0003.16,0001.13,23.6,0668.9,-39.7
2020-05-01 03:08:00,1588302480,0003.08,0001.57,23.6,0668.8,-39.6
2020-05-01 03:09:00,1588302540,0002.74,0000.82,23.6,0668.8,-39.6
2020-05-01 03:10:00,1588302600,0003.20,0001.79,23.5,0668.8,-39.4
2020-05-01 03:11:00,1588302660,0002.78,0001.91,23.5,0668.8,-39.3
2020-05-01 03:12:00,1588302720,0003.23,0001.49,23.5,0668.8,-39.5
2020-05-01 03:13:00,1588302780,0002.96,0001.66,23.5,0668.8,-39.7
2020-05-01 03:14:00,1588302840,0003.30,0001.47,23.5,0668.8,-39.8
2020-05-01 03:15:00,1588302900,0002.76,0001.33,23.5,0668.7,-39.9
2020-05-01 03:16:00,1588302960,0003.30,0001.90,23.5,0668.7,-40.0
2020-05-01 03:17:00,1588303020,0003.50,0001.63,23.5,0668.7,-39.9
2020-05-01 03:18:00,1588303080,0003.45,0001.73,23.4,0668.7,-39.9
2020-05-01 03:19:00,1588303140,0003.54,0001.57,23.4,0668.7,-39.7
2020-05-01 03:20:00,1588303200,0003.33,0001.58,23.4,0668.7,-39.6
2020-05-01 03:21:00,1588303260,0003.45,0001.28,23.4,0668.7,-39.4
2020-05-01 03:22:00,1588303320,0003.33,0001.29,23.4,0668.7,-39.1
2020-05-01 03:23:00,1588303380,0003.18,0002.04,23.4,0668.7,-39.2
2020-05-01 03:24:00,1588303440,0003.13,0001.99,23.4,0668.7,-39.4
2020-05-01 03:25:00,1588303500,0003.47,0001.74,23.4,0668.7,-39.4
2020-05-01 03:26:00,1588303560,0003.37,0002.10,23.4,0668.6,-39.4
2020-05-01 03:27:00,1588303620,0003.31,0001.63,23.4,0668.6,-39.2
2020-05-01 03:28:00,1588303680,0003.45,0001.13,23.4,0668.6,-39.0
2020-05-01 03:29:00,1588303740,0003.26,0001.93,23.4,0668.6,-39.1
2020-05-01 03:30:00,1588303800,0003.50,0001.91,23.4,0668.6,-39.2
2020-05-01 03:31:00,1588303860,0003.63,0002.25,23.3,0668.6,-39.4
2020-05-01 03:32:00,1588303920,0003.07,0001.83,23.3,0668.5,-39.5
2020-05-01 03:33:00,1588303980,0002.89,0001.82,23.4,0668.6,-39.6
2020-05-01 03:34:00,1588304040,0003.04,0001.73,23.3,0668.6,-39.7
2020-05-01 03:35:00,1588304100,0003.02,0001.73,23.3,0668.5,-39.7
2020-05-01 03:36:00,1588304160,0003.00,0001.31,23.3,0668.5,-39.8
2020-05-01 03:37:00,1588304220,0003.25,0001.84,23.3,0668.5,-39.7
2020-05-01 03:38:00,1588304280,0003.09,0001.05,23.3,0668.5,-39.6
2020-05-01 03:39:00,1588304340,0003.39,0001.36,23.3,0668.5,-39.6
2020-05-01 03:40:00,1588304400,0003.05,0002.15,23.3,0668.5,-39.6
2020-05-01 03:41:00,1588304460,0002.89,0000.93,23.3,0668.5,-39.6
2020-05-01 03:42:00,1588304520,0002.99,0001.35,23.3,0668.5,-39.6
2020-05-01 03:43:00,1588304580,0003.09,0001.51,23.3,0668.5,-39.4
2020-05-01 03:44:00,1588304640,0002.75,0001.28,23.3,0668.5,-39.5
2020-05-01 03:45:00,1588304700,0002.79,0001.58,23.3,0668.5,-39.5
2020-05-01 03:46:00,1588304760,0003.01,0001.02,23.3,0668.5,-39.5
2020-05-01 03:47:00,1588304820,0003.18,0001.82,23.3,0668.5,-39.1
2020-05-01 03:48:00,1588304880,0003.33,0001.45,23.3,0668.5,-39.2
2020-05-01 03:49:00,1588304940,0002.72,0000.82,23.3,0668.5,-39.3
2020-05-01 03:50:00,1588305000,0003.02,0001.09,23.3,0668.5,-39.0
2020-05-01 03:51:00,1588305060,0003.07,0001.31,23.3,0668.5,-38.8
2020-05-01 03:52:00,1588305120,0003.06,0002.03,23.3,0668.5,-38.9
2020-05-01 03:53:00,1588305180,0003.26,0001.35,23.3,0668.4,-39.2
2020-05-01 03:54:00,1588305240,0003.08,0001.49,23.3,0668.4,-39.4
2020-05-01 03:55:00,1588305300,0003.32,0002.27,23.3,0668.4,-39.6
2020-05-01 03:56:00,1588305360,0003.11,0001.59,23.3,0668.4,-39.8
2020-05-01 03:57:00,1588305420,,-000.64,23.4,0668.4,-39.8
2020-05-01 03:58:00,1588305480,,0000.67,23.5,0667.4,-39.6
2020-05-01 03:59:00,1588305540,,-000.43,23.6,0667.4,-39.4
2020-05-01 04:00:00,1588305600,,0000.32,23.6,0667.4,-39.6
2020-05-01 04:01:00,1588305660,,0000.28,23.6,0667.4,-39.7
2020-05-01 04:02:00,1588305720,,-000.61,23.6,0667.4,-39.7
2020-05-01 04:03:00,1588305780,,0001.37,23.6,0667.4,-39.6
2020-05-01 04:04:00,1588305840,0003.30,0001.74,23.4,0668.3,-39.7
2020-05-01 04:05:00,1588305900,0003.67,0001.01,23.4,0668.4,-39.8
2020-05-01 04:06:00,1588305960,0003.02,0001.09,23.4,0668.4,-39.8
2020-05-01 04:07:00,1588306020,0003.13,0001.50,23.4,0668.4,-39.9
2020-05-01 04:08:00,1588306080,0002.92,0001.48,23.4,0668.4,-39.9
2020-05-01 04:09:00,1588306140,0003.29,0001.62,23.4,0668.4,-39.9
2020-05-01 04:10:00,1588306200,0003.00,0001.70,23.4,0668.4,-40.0
2020-05-01 04:11:00,1588306260,0003.34,0001.31,23.4,0668.3,-39.9
2020-05-01 04:12:00,1588306320,0003.40,0001.65,23.4,0668.3,-39.9
2020-05-01 04:13:00,1588306380,0002.99,0001.83,23.4,0668.3,-39.9
2020-05-01 04:14:00,1588306440,0003.17,0002.16,23.4,0668.3,-40.1
2020-05-01 04:15:00,1588306500,0003.33,0001.36,23.4,0668.3,-40.1
2020-05-01 04:16:00,1588306560,0003.05,0001.41,23.4,0668.3,-40.1
2020-05-01 04:17:00,1588306620,0002.79,0001.41,23.4,0668.3,-40.1
2020-05-01 04:18:00,1588306680,0003.04,0001.70,23.4,0668.3,-40.1
2020-05-01 04:19:00,1588306740,0003.28,0000.63,23.4,0668.3,-40.0
2020-05-01 04:20:00,1588306800,0002.97,0001.91,23.4,0668.3,-40.0
2020-05-01 04:21:00,1588306860,0003.05,0001.33,23.4,0668.3,-40.1
2020-05-01 04:22:00,1588306920,0003.01,0001.70,23.4,0668.3,-40.3
2020-05-01 04:23:00,1588306980,0003.22,0001.36,23.4,0668.3,-40.3
2020-05-01 04:24:00,1588307040,0003.34,0001.49,23.4,0668.3,-40.3
2020-05-01 04:25:00,1588307100,0003.00,0001.60,23.4,0668.2,-40.3
2020-05-01 04:26:00,1588307160,0002.85,0001.04,23.3,0668.2,-40.3
2020-05-01 04:27:00,1588307220,0002.90,0001.78,23.3,0668.2,-40.4
2020-05-01 04:28:00,1588307280,0002.93,0001.38,23.3,0668.2,-40.5
2020-05-01 04:29:00,1588307340,0002.98,0001.47,23.4,0668.2,-40.5
2020-05-01 04:30:00,1588307400,0002.80,0001.77,23.3,0668.2,-40.5
2020-05-01 04:31:00,1588307460,0003.19,0001.39,23.3,0668.2,-40.5
2020-05-01 04:32:00,1588307520,0003.29,0000.90,23.3,0668.2,-40.5
2020-05-01 04:33:00,1588307580,0003.41,0000.95,23.3,0668.3,-40.2
2020-05-01 04:34:00,1588307640,0003.14,0001.55,23.3,0668.3,-39.9
2020-05-01 04:35:00,1588307700,0003.16,0001.52,23.3,0668.2,-39.8
2020-05-01 04:36:00,1588307760,0003.17,0001.97,23.3,0668.3,-39.9
2020-05-01 04:37:00,1588307820,0002.81,0001.15,23.3,0668.2,-40.0
2020-05-01 04:38:00,1588307880,0003.37,0001.70,23.3,0668.2,-40.0
2020-05-01 04:39:00,1588307940,0003.57,0001.36,23.3,0668.2,-39.8
2020-05-01 04:40:00,1588308000,0003.47,0002.02,23.3,0668.2,-39.6
2020-05-01 04:41:00,1588308060,0003.35,0001.47,23.3,0668.2,-39.4
2020-05-01 04:42:00,1588308120,0003.02,0001.92,23.3,0668.2,-39.5
2020-05-01 04:43:00,1588308180,0003.30,0001.87,23.3,0668.2,-39.8
2020-05-01 04:44:00,1588308240,0003.04,0001.42,23.3,0668.2,-39.9
2020-05-01 04:45:00,1588308300,0003.38,0001.91,23.3,0668.2,-40.0
2020-05-01 04:46:00,1588308360,0002.95,0001.86,23.3,0668.2,-40.0
2020-05-01 04:47:00,1588308420,0002.99,0001.62,23.2,0668.2,-39.9
2020-05-01 04:48:00,1588308480,0003.60,0001.45,23.2,0668.2,-39.9
2020-05-01 04:49:00,1588308540,0003.57,0001.44,23.2,0668.2,-39.8
2020-05-01 04:50:00,1588308600,0003.36,0001.76,23.2,0668.2,-39.6
2020-05-01 04:51:00,1588308660,0003.56,0001.68,23.2,0668.2,-39.5
2020-05-01 04:52:00,1588308720,0003.35,0001.57,23.2,0668.2,-39.4
2020-05-01 04:53:00,1588308780,0002.96,0001.93,23.2,0668.2,-39.5
2020-05-01 04:54:00,1588308840,0003.13,0001.67,23.2,0668.2,-39.5
2020-05-01 04:55:00,1588308900,0003.13,0001.23,23.2,0668.2,-39.5
2020-05-01 04:56:00,1588308960,0003.44,0001.69,23.2,0668.2,-39.4
2020-05-01 04:57:00,1588309020,,0000.48,23.3,0668.2,-39.5
2020-05-01 04:58:00,1588309080,,-000.23,23.4,0667.1,-39.4
2020-05-01 04:59:00,1588309140,,0000.06,23.5,0667.1,-39.5
2020-05-01 05:00:00,1588309200,,-000.16,23.5,0667.1,-39.5
2020-05-01 05:01:00,1588309260,,0000.12,23.5,0667.1,-39.5
2020-05-01 05:02:00,1588309320,,0000.07,23.5,0667.1,-39.4
2020-05-01 05:03:00,1588309380,,0001.06,23.5,0667.1,-39.1
2020-05-01 05:04:00,1588309440,0003.40,0001.75,23.4,0668.1,-39.0
2020-05-01 05:05:00,1588309500,0003.60,0001.63,23.3,0668.2,-39.0
2020-05-01 05:06:00,1588309560,0003.86,0001.79,23.3,0668.2,-39.1
2020-05-01 05:07:00,1588309620,0003.76,0001.60,23.3,0668.2,-38.9
2020-05-01 05:08:00,1588309680,0003.85,0001.43,23.3,0668.2,-38.7
2020-05-01 05:09:00,1588309740,0003.76,0001.75,23.3,0668.1,-38.7
2020-05-01 05:10:00,1588309800,0003.38,0002.24,23.3,0668.1,-38.9
2020-05-01 05:11:00,1588309860,0003.55,0001.84,23.3,0668.2,-39.2
2020-05-01 05:12:00,1588309920,0003.67,0001.84,23.3,0668.2,-39.6
2020-05-01 05:13:00,1588309980,0003.93,0001.85,23.3,0668.1,-39.6
2020-05-01 05:14:00,1588310040,0003.61,0001.60,23.3,0668.1,-39.7
2020-05-01 05:15:00,1588310100,0003.53,0002.21,23.3,0668.1,-39.8
2020-05-01 05:16:00,1588310160,0003.95,0002.01,23.3,0668.1,-39.9
2020-05-01 05:17:00,1588310220,0003.96,0002.40,23.3,0668.1,-39.9
2020-05-01 05:18:00,1588310280,0004.05,0002.27,23.2,0668.1,-39.6
2020-05-01 05:19:00,1588310340,0004.00,0002.36,23.2,0668.1,-39.1
2020-05-01 05:20:00,1588310400,0004.05,0002.39,23.3,0668.1,-39.0
2020-05-01 05:21:00,1588310460,0003.93,0002.12,23.2,0668.1,-39.1
2020-05-01 05:22:00,1588310520,0003.88,0001.96,23.2,0668.1,-38.9
2020-05-01 05:23:00,1588310580,0004.12,0001.55,23.2,0668.1,-39.0
2020-05-01 05:24:00,1588310640,0003.98,0001.31,23.2,0668.1,-39.2
2020-05-01 05:25:00,1588310700,0004.01,0001.75,23.2,0668.1,-39.1
2020-05-01 05:26:00,1588310760,0004.00,0001.89,23.2,0668.1,-39.0
2020-05-01 05:27:00,1588310820,0003.97,0001.45,23.2,0668.1,-38.9
2020-05-01 05:28:00,1588310880,0004.07,0002.17,23.2,0668.1,-38.7
2020-05-01 05:29:00,1588310940,0004.28,0002.02,23.2,0668.0,-38.7
2020-05-01 05:30:00,1588311000,0003.98,0002.35,23.2,0668.0,-38.7
2020-05-01 05:31:00,1588311060,0003.90,0001.53,23.2,0668.0,-38.7
2020-05-01 05:32:00,1588311120,0003.89,0002.87,23.2,0668.0,-38.6
2020-05-01 05:33:00,1588311180,0004.29,0002.16,23.2,0668.0,-38.6
2020-05-01 05:34:00,1588311240,0003.84,0001.75,23.2,0668.0,-38.7
2020-05-01 05:35:00,1588311300,0003.86,0002.35,23.2,0668.0,-38.8
2020-05-01 05:36:00,1588311360,0003.73,0001.85,23.2,0668.0,-38.9
2020-05-01 05:37:00,1588311420,0004.00,0001.65,23.2,0668.0,-39.0
2020-05-01 05:38:00,1588311480,0003.85,0002.59,23.2,0668.0,-39.0
2020-05-01 05:39:00,1588311540,0003.85,0002.08,23.2,0668.0,-39.0
2020-05-01 05:40:00,1588311600,0003.80,0002.28,23.2,0668.0,-38.9
2020-05-01 05:41:00,1588311660,0003.98,0002.68,23.2,0668.0,-38.8
2020-05-01 05:42:00,1588311720,0004.16,0002.70,23.2,0668.0,-38.9
2020-05-01 05:43:00,1588311780,0004.78,0002.59,23.2,0668.0,-39.1
2020-05-01 05:44:00,1588311840,0004.15,0001.96,23.2,0668.0,-39.3
2020-05-01 05:45:00,1588311900,0004.50,0002.44,23.2,0668.0,-39.3
2020-05-01 05:46:00,1588311960,0004.52,0001.73,23.2,0668.0,-38.8
2020-05-01 05:47:00,1588312020,0005.10,0002.71,23.2,0668.0,-38.1
2020-05-01 05:48:00,1588312080,0004.65,0002.87,23.2,0668.0,-38.0
2020-05-01 05:49:00,1588312140,0004.69,0002.66,23.2,0668.0,-38.2
2020-05-01 05:50:00,1588312200,0004.59,0002.74,23.3,0668.0,-38.6
2020-05-01 05:51:00,1588312260,0004.98,0002.51,23.3,0668.0,-38.9
2020-05-01 05:52:00,1588312320,0004.70,0002.49,23.3,0668.0,-39.0
2020-05-01 05:53:00,1588312380,0004.67,0002.78,23.3,0668.0,-39.1
2020-05-01 05:54:00,1588312440,0004.59,0002.17,23.3,0668.0,-39.2
2020-05-01 05:55:00,1588312500,0004.53,0002.59,23.3,0668.0,-39.4
2020-05-01 05:56:00,1588312560,0004.78,0002.34,23.3,0668.0,-39.5
2020-05-01 05:57:00,1588312620,,-000.15,23.3,0667.9,-39.5
2020-05-01 05:58:00,1588312680,,0000.11,23.4,0667.0,-39.6
2020-05-01 05:59:00,1588312740,,0000.40,23.5,0666.9,-39.6
2020-05-01 06:00:00,1588312800,,0000.13,23.5,0666.9,-39.6
2020-05-01 06:01:00,1588312860,,0000.12,23.6,0667.0,-39.5
2020-05-01 06:02:00,1588312920,,-000.01,23.6,0666.9,-39.3
2020-05-01 06:03:00,1588312980,,0002.10,23.6,0666.9,-39.1
2020-05-01 06:04:00,1588313040,0005.09,0002.55,23.4,0667.9,-39.1
2020-05-01 06:05:00,1588313100,0005.26,0002.19,23.4,0668.0,-38.8
2020-05-01 06:06:00,1588313160,0004.94,0002.90,23.4,0667.9,-38.6
2020-05-01 06:07:00,1588313220,0004.45,0002.60,23.4,0667.9,-38.7
2020-05-01 06:08:00,1588313280,0004.67,0002.25,23.4,0667.9,-38.7
2020-05-01 06:09:00,1588313340,0004.93,0002.62,23.4,0667.9,-38.8
2020-05-01 06:10:00,1588313400,0004.79,0002.61,23.4,0667.9,-39.1
2020-05-01 06:11:00,1588313460,0005.41,0002.63,23.4,0667.9,-39.2
2020-05-01 06:12:00,1588313520,0004.97,0003.07,23.4,0667.9,-39.3
2020-05-01 06:13:00,1588313580,0005.42,0003.76,23.4,0667.9,-39.4
2020-05-01 06:14:00,1588313640,0005.64,0003.14,23.4,0667.9,-39.4
2020-05-01 06:15:00,1588313700,0006.19,0003.75,23.4,0667.9,-39.5
2020-05-01 06:16:00,1588313760,0005.79,0003.23,23.4,0667.9,-39.5
2020-05-01 06:17:00,1588313820,0005.77,0003.14,23.4,0667.9,-39.5
2020-05-01 06:18:00,1588313880,0005.70,0002.72,23.4,0667.9,-39.4
2020-05-01 06:19:00,1588313940,0005.64,0002.96,23.4,0667.9,-39.4
2020-05-01 06:20:00,1588314000,0005.41,0002.53,23.4,0667.9,-39.1
2020-05-01 06:21:00,1588314060,0005.08,0002.80,23.4,0667.9,-38.9
2020-05-01 06:22:00,1588314120,0005.10,0002.29,23.4,0667.9,-39.2
2020-05-01 06:23:00,1588314180,0004.84,0002.65,23.4,0667.9,-39.2
2020-05-01 06:24:00,1588314240,0004.85,0002.54,23.4,0667.9,-38.9
2020-05-01 06:25:00,1588314300,0005.46,0002.09,23.4,0667.9,-38.7
2020-05-01 06:26:00,1588314360,0005.08,0003.06,23.4,0667.9,-38.9
2020-05-01 06:27:00,1588314420,0005.15,0003.28,23.4,0667.9,-39.0
2020-05-01 06:28:00,1588314480,0005.37,0002.72,23.4,0667.9,-39.0
2020-05-01 06:29:00,1588314540,0005.44,0003.34,23.4,0667.9,-38.9
2020-05-01 06:30:00,1588314600,0005.52,0002.43,23.4,0667.8,-38.8
2020-05-01 06:31:00,1588314660,0005.29,0002.68,23.3,0667.8,-38.9
2020-05-01 06:32:00,1588314720,0004.97,0002.92,23.4,0667.8,-38.9
2020-05-01 06:33:00,1588314780,0005.27,0002.66,23.3,0667.9,-38.9
2020-05-01 06:34:00,1588314840,0004.32,0002.31,23.3,0667.9,-39.0
2020-05-01 06:35:00,1588314900,0004.46,0002.69,23.3,0667.8,-39.0
2020-05-01 06:36:00,1588314960,0005.34,0002.19,23.3,0667.9,-39.0
2020-05-01 06:37:00,1588315020,0004.79,0002.27,23.3,0667.9,-39.1
2020-05-01 06:38:00,1588315080,0004.76,0002.58,23.3,0667.8,-39.0
2020-05-01 06:39:00,1588315140,0004.55,0002.50,23.3,0667.8,-39.0
2020-05-01 06:40:00,1588315200,0004.39,0002.05,23.3,0667.8,-39.1
2020-05-01 06:41:00,1588315260,0004.43,0002.37,23.3,0667.8,-39.0
2020-05-01 06:42:00,1588315320,0004.45,0002.31,23.3,0667.8,-39.0
2020-05-01 06:43:00,1588315380,0004.70,0002.47,23.3,0667.8,-38.8
2020-05-01 06:44:00,1588315440,0004.74,0002.08,23.3,0667.8,-38.8
2020-05-01 06:45:00,1588315500,0004.74,0002.53,23.3,0667.8,-38.8
2020-05-01 06:46:00,1588315560,0004.56,0002.12,23.3,0667.8,-38.7
2020-05-01 06:47:00,1588315620,0004.69,0002.65,23.3,0667.8,-38.6
2020-05-01 06:48:00,1588315680,0004.70,0001.95,23.3,0667.8,-38.5
2020-05-01 06:49:00,1588315740,0004.70,0002.58,23.3,0667.8,-38.5
2020-05-01 06:50:00,1588315800,0004.49,0002.17,23.3,0667.8,-38.4
2020-05-01 06:51:00,1588315860,0004.77,0002.54,23.3,0667.8,-38.5
2020-05-01 06:52:00,1588315920,0004.59,0002.36,23.3,0667.8,-38.7
2020-05-01 06:53:00,1588315980,0005.04,0002.51,23.3,0667.8,-38.8
2020-05-01 06:54:00,1588316040,0005.06,0002.36,23.3,0667.8,-38.7
2020-05-01 06:55:00,1588316100,0005.06,0002.95,23.3,0667.8,-38.8
2020-05-01 06:56:00,1588316160,0005.01,0002.24,23.3,0667.8,-38.8
2020-05-01 06:57:00,1588316220,,0001.58,23.4,0667.8,-38.9
2020-05-01 06:58:00,1588316280,,-000.27,23.5,0666.8,-39.0
2020-05-01 06:59:00,1588316340,,-000.15,23.6,0666.8,-39.0
2020-05-01 07:00:00,1588316400,,0000.02,23.5,0666.8,-39.0
2020-05-01 07:01:00,1588316460,,0000.04,23.6,0666.7,-38.9
2020-05-01 07:02:00,1588316520,,0000.24,23.6,0666.7,-38.9
2020-05-01 07:03:00,1588316580,,0001.70,23.6,0666.7,-38.9
2020-05-01 07:04:00,1588316640,0005.18,0002.82,23.5,0667.7,-38.8
2020-05-01 07:05:00,1588316700,0004.99,0002.89,23.4,0667.7,-38.9
2020-05-01 07:06:00,1588316760,0005.63,0002.72,23.4,0667.8,-39.0
2020-05-01 07:07:00,1588316820,0005.46,0003.65,23.4,0667.8,-39.0
2020-05-01 07:08:00,1588316880,0005.35,0002.67,23.4,0667.7,-39.0
2020-05-01 07:09:00,1588316940,0005.34,0003.14,23.4,0667.8,-39.0
2020-05-01 07:10:00,1588317000,0005.19,0002.50,23.4,0667.7,-39.1
2020-05-01 07:11:00,1588317060,0005.02,0003.17,23.4,0667.8,-39.1
2020-05-01 07:12:00,1588317120,0005.51,0002.16,23.4,0667.8,-39.1
2020-05-01 07:13:00,1588317180,0005.26,0002.83,23.4,0667.8,-39.1
2020-05-01 07:14:00,1588317240,0005.13,0002.19,23.4,0667.8,-39.1
2020-05-01 07:15:00,1588317300,0004.80,0002.45,23.4,0667.8,-39.2
2020-05-01 07:16:00,1588317360,0005.51,0002.38,23.3,0667.8,-39.1
2020-05-01 07:17:00,1588317420,0004.95,0001.95,23.3,0667.8,-39.1
2020-05-01 07:18:00,1588317480,0005.03,0002.55,23.3,0667.8,-38.9
2020-05-01 07:19:00,1588317540,0005.02,0002.79,23.3,0667.8,-38.5
2020-05-01 07:20:00,1588317600,0005.27,0002.87,23.3,0667.8,-38.7
2020-05-01 07:21:00,1588317660,0005.23,0002.75,23.3,0667.8,-39.0
2020-05-01 07:22:00,1588317720,0005.00,0002.88,23.3,0667.8,-39.0
2020-05-01 07:23:00,1588317780,0005.31,0002.99,23.3,0667.8,-38.9
2020-05-01 07:24:00,1588317840,0005.05,0003.02,23.3,0667.8,-38.8
2020-05-01 07:25:00,1588317900,0005.14,0002.26,23.3,0667.8,-38.6
2020-05-01 07:26:00,1588317960,0005.00,0002.15,23.3,0667.8,-38.4
2020-05-01 07:27:00,1588318020,0005.13,0002.93,23.3,0667.8,-38.5
2020-05-01 07:28:00,1588318080,0005.19,0002.90,23.3,0667.8,-38.5
2020-05-01 07:29:00,1588318140,0005.30,0002.63,23.3,0667.8,-38.5
2020-05-01 07:30:00,1588318200,0004.79,0002.57,23.3,0667.8,-38.6
2020-05-01 07:31:00,1588318260,0004.82,0002.62,23.3,0667.8,-38.8
2020-05-01 07:32:00,1588318320,0004.93,0002.94,23.3,0667.8,-38.8
2020-05-01 07:33:00,1588318380,0005.40,0003.00,23.3,0667.8,-38.9
2020-05-01 07:34:00,1588318440,0005.67,0002.98,23.3,0667.8,-38.9
2020-05-01 07:35:00,1588318500,0005.50,0002.86,23.3,0667.8,-38.9
2020-05-01 07:36:00,1588318560,0005.25,0003.10,23.3,0667.8,-38.9
2020-05-01 07:37:00,1588318620,0004.80,0002.21,23.3,0667.8,-38.9
2020-05-01 07:38:00,1588318680,0005.54,0003.71,23.3,0667.8,-38.9
2020-05-01 07:39:00,1588318740,0005.11,0002.19,23.3,0667.8,-38.9
2020-05-01 07:40:00,1588318800,0005.35,0002.20,23.3,0667.8,-38.7
2020-05-01 07:41:00,1588318860,0005.51,0003.08,23.3,0667.8,-38.6
2020-05-01 07:42:00,1588318920,0005.54,0002.88,23.3,0667.8,-38.6
2020-05-01 07:43:00,1588318980,0005.79,0003.17,23.3,0667.8,-38.7
2020-05-01 07:44:00,1588319040,0006.19,0003.25,23.3,0667.8,-38.7
2020-05-01 07:45:00,1588319100,0005.96,0003.50,23.3,0667.8,-38.7
2020-05-01 07:46:00,1588319160,0006.52,0003.82,23.3,0667.8,-38.7
2020-05-01 07:47:00,1588319220,0006.20,0003.28,23.4,0667.8,-38.7
2020-05-01 07:48:00,1588319280,0005.72,0003.08,23.4,0667.8,-38.7
2020-05-01 07:49:00,1588319340,0005.88,0003.14,23.4,0667.8,-38.7
2020-05-01 07:50:00,1588319400,0006.33,0002.69,23.4,0667.8,-38.8
2020-05-01 07:51:00,1588319460,0006.28,0003.27,23.4,0667.8,-38.8
2020-05-01 07:52:00,1588319520,0005.89,0002.88,23.4,0667.8,-38.7
2020-05-01 07:53:00,1588319580,0005.81,0002.73,23.4,0667.8,-38.5
2020-05-01 07:54:00,1588319640,0005.75,0002.28,23.4,0667.8,-38.3
2020-05-01 07:55:00,1588319700,0005.50,0003.29,23.4,0667.8,-38.2
2020-05-01 07:56:00,1588319760,0005.93,0002.90,23.4,0667.8,-38.2
2020-05-01 07:57:00,1588319820,,0001.99,23.4,0667.8,-38.2
2020-05-01 07:58:00,1588319880,,-000.74,23.6,0666.8,-38.1
2020-05-01 07:59:00,1588319940,,-000.03,23.7,0666.8,-38.1
2020-05-01 08:00:00,1588320000,,-000.20,23.7,0666.8,-38.2
2020-05-01 08:01:00,1588320060,,0000.01,23.7,0666.8,-38.2
2020-05-01 08:02:00,1588320120,,0000.33,23.7,0666.8,-38.2
2020-05-01 08:03:00,1588320180,,0001.75,23.7,0666.8,-38.2
2020-05-01 08:04:00,1588320240,0006.02,0003.10,23.5,0667.7,-38.2
2020-05-01 08:05:00,1588320300,0005.37,0003.10,23.5,0667.8,-38.2
2020-05-01 08:06:00,1588320360,0006.06,0003.49,23.5,0667.8,-38.1
2020-05-01 08:07:00,1588320420,0005.66,0002.74,23.4,0667.8,-38.1
2020-05-01 08:08:00,1588320480,0005.75,0003.68,23.4,0667.8,-38.2
2020-05-01 08:09:00,1588320540,0005.65,0003.08,23.4,0667.8,-38.2
2020-05-01 08:10:00,1588320600,0006.16,0003.17,23.4,0667.8,-38.1
2020-05-01 08:11:00,1588320660,0006.07,0002.92,23.4,0667.8,-37.8
2020-05-01 08:12:00,1588320720,0006.22,0003.36,23.4,0667.8,-37.6
2020-05-01 08:13:00,1588320780,0005.76,0002.68,23.4,0667.8,-37.5
2020-05-01 08:14:00,1588320840,0005.65,0002.97,23.4,0667.8,-37.4
2020-05-01 08:15:00,1588320900,0005.98,0002.67,23.4,0667.8,-37.3
2020-05-01 08:16:00,1588320960,0006.21,0002.90,23.4,0667.8,-37.1
2020-05-01 08:17:00,1588321020,0005.94,0003.43,23.4,0667.8,-37.3
2020-05-01 08:18:00,1588321080,0006.13,0002.93,23.4,0667.8,-37.4
2020-05-01 08:19:00,1588321140,0005.84,0003.33,23.4,0667.8,-37.4
2020-05-01 08:20:00,1588321200,0005.99,0002.80,23.4,0667.8,-37.3
2020-05-01 08:21:00,1588321260,0005.95,0003.33,23.4,0667.7,-37.0
2020-05-01 08:22:00,1588321320,0005.65,0003.31,23.4,0667.7,-37.1
2020-05-01 08:23:00,1588321380,0005.07,0002.67,23.4,0667.7,-37.2
2020-05-01 08:24:00,1588321440,0005.59,0002.64,23.4,0667.7,-37.2
2020-05-01 08:25:00,1588321500,0005.12,0002.87,23.4,0667.7,-37.2
2020-05-01 08:26:00,1588321560,0005.53,0002.67,23.4,0667.7,-37.1
2020-05-01 08:27:00,1588321620,0005.07,0002.69,23.4,0667.7,-37.1
2020-05-01 08:28:00,1588321680,0004.85,0002.19,23.4,0667.7,-36.9
2020-05-01 08:29:00,1588321740,0004.77,0002.54,23.4,0667.7,-36.7
2020-05-01 08:30:00,1588321800,0005.37,0001.81,23.4,0667.7,-36.6
2020-05-01 08:31:00,1588321860,0004.94,0002.62,23.4,0667.7,-36.6
2020-05-01 08:32:00,1588321920,0004.82,0002.09,23.4,0667.7,-36.6
2020-05-01 08:33:00,1588321980,0004.43,0002.01,23.4,0667.7,-36.6
2020-05-01 08:34:00,1588322040,0004.63,0002.29,23.4,0667.7,-36.6
2020-05-01 08:35:00,1588322100,0004.82,0002.13,23.4,0667.8,-36.4
2020-05-01 08:36:00,1588322160,0004.48,0002.27,23.4,0667.8,-36.2
2020-05-01 08:37:00,1588322220,0004.68,0002.34,23.4,0667.8,-35.8
2020-05-01 08:38:00,1588322280,0004.34,0001.94,23.4,0667.7,-35.3
2020-05-01 08:39:00,1588322340,0004.66,0002.00,23.4,0667.7,-35.2
2020-05-01 08:40:00,1588322400,0004.50,0001.67,23.4,0667.7,-35.6
2020-05-01 08:41:00,1588322460,0004.56,0002.09,23.4,0667.7,-35.9
2020-05-01 08:42:00,1588322520,0004.29,0001.81,23.4,0667.7,-36.0
2020-05-01 08:43:00,1588322580,0004.34,0002.31,23.4,0667.7,-36.0
2020-05-01 08:44:00,1588322640,0004.28,0002.21,23.4,0667.7,-36.1
2020-05-01 08:45:00,1588322700,0004.24,0001.65,23.4,0667.7,-36.2
2020-05-01 08:46:00,1588322760,0004.50,0002.57,23.4,0667.7,-36.1
2020-05-01 08:47:00,1588322820,0004.51,0001.12,23.4,0667.7,-35.9
2020-05-01 08:48:00,1588322880,0003.92,0002.32,23.4,0667.7,-36.1
2020-05-01 08:49:00,1588322940,0003.93,0001.56,23.4,0667.7,-36.1
2020-05-01 08:50:00,1588323000,0004.17,0002.21,23.4,0667.7,-36.2
2020-05-01 08:51:00,1588323060,0004.03,0001.81,23.4,0667.7,-36.2
2020-05-01 08:52:00,1588323120,0003.77,0001.92,23.4,0667.7,-36.1
2020-05-01 08:53:00,1588323180,0003.91,0001.76,23.4,0667.7,-36.0
2020-05-01 08:54:00,1588323240,0004.01,0001.90,23.4,0667.7,-35.9
2020-05-01 08:55:00,1588323300,0004.22,0001.71,23.4,0667.7,-35.8
2020-05-01 08:56:00,1588323360,0003.88,0002.09,23.4,0667.7,-35.7
2020-05-01 08:57:00,1588323420,,0000.18,23.4,0667.6,-35.5
2020-05-01 08:58:00,1588323480,,0000.15,23.5,0666.6,-35.5
2020-05-01 08:59:00,1588323540,,-000.21,23.6,0666.7,-35.5
2020-05-01 09:00:00,1588323600,,0000.47,23.6,0666.7,-35.3
2020-05-01 09:01:00,1588323660,,-000.14,23.6,0666.7,-35.3
2020-05-01 09:02:00,1588323720,,-000.11,23.7,0666.7,-35.5
2020-05-01 09:03:00,1588323780,,0001.31,23.7,0666.7,-35.5
2020-05-01 09:04:00,1588323840,0004.21,0002.13,23.5,0667.6,-35.6
2020-05-01 09:05:00,1588323900,0004.28,0001.82,23.4,0667.7,-35.6
2020-05-01 09:06:00,1588323960,0003.76,0001.53,23.4,0667.7,-35.6
2020-05-01 09:07:00,1588324020,0003.66,0002.09,23.4,0667.7,-35.6
2020-05-01 09:08:00,1588324080,0004.05,0001.98,23.4,0667.7,-35.6
2020-05-01 09:09:00,1588324140,0003.73,0001.03,23.4,0667.7,-35.6
2020-05-01 09:10:00,1588324200,0004.01,0002.30,23.4,0667.7,-35.5
2020-05-01 09:11:00,1588324260,0003.72,0002.00,23.4,0667.7,-35.4
2020-05-01 09:12:00,1588324320,0003.93,0001.67,23.4,0667.7,-35.3
2020-05-01 09:13:00,1588324380,0003.91,0001.55,23.4,0667.7,-35.2
2020-05-01 09:14:00,1588324440,0003.77,0001.75,23.4,0667.7,-35.2
2020-05-01 09:15:00,1588324500,0004.05,0001.77,23.4,0667.7,-35.3
2020-05-01 09:16:00,1588324560,0004.09,0001.73,23.4,0667.7,-35.3
2020-05-01 09:17:00,1588324620,0003.48,0001.77,23.4,0667.7,-35.2
2020-05-01 09:18:00,1588324680,0003.72,0001.60,23.4,0667.7,-35.1
2020-05-01 09:19:00,1588324740,0003.60,0002.36,23.4,0667.7,-35.1
2020-05-01 09:20:00,1588324800,0003.88,0001.66,23.4,0667.7,-35.2
2020-05-01 09:21:00,1588324860,0003.85,0001.78,23.4,0667.7,-35.2
2020-05-01 09:22:00,1588324920,0003.80,0001.53,23.4,0667.7,-35.2
2020-05-01 09:23:00,1588324980,0003.94,0001.45,23.4,0667.7,-35.2
2020-05-01 09:24:00,1588325040,0003.74,0001.88,23.4,0667.7,-35.2
2020-05-01 09:25:00,1588325100,0003.82,0001.72,23.4,0667.7,-35.1
2020-05-01 09:26:00,1588325160,0003.83,0001.51,23.4,0667.7,-35.0
2020-05-01 09:27:00,1588325220,0003.85,0002.01,23.4,0667.7,-34.9
2020-05-01 09:28:00,1588325280,0004.04,0001.38,23.5,0667.7,-34.8
2020-05-01 09:29:00,1588325340,0003.99,0002.31,23.5,0667.7,-34.8
2020-05-01 09:30:00,1588325400,0003.94,0001.77,23.5,0667.7,-34.9
2020-05-01 09:31:00,1588325460,0004.07,0001.50,23.5,0667.7,-34.9
2020-05-01 09:32:00,1588325520,0004.16,0002.02,23.5,0667.7,-34.9
2020-05-01 09:33:00,1588325580,0003.81,0001.69,23.5,0667.7,-34.8
2020-05-01 09:34:00,1588325640,0003.53,0001.12,23.5,0667.7,-34.7
2020-05-01 09:35:00,1588325700,0004.01,0001.91,23.5,0667.7,-34.6
2020-05-01 09:36:00,1588325760,0004.27,0001.59,23.5,0667.7,-34.5
2020-05-01 09:37:00,1588325820,0003.89,0001.87,23.5,0667.7,-34.5
2020-05-01 09:38:00,1588325880,0003.95,0001.83,23.5,0667.7,-34.5
2020-05-01 09:39:00,1588325940,0004.36,0001.48,23.5,0667.7,-34.6
2020-05-01 09:40:00,1588326000,0003.85,0001.84,23.5,0667.7,-34.5
2020-05-01 09:41:00,1588326060,0003.75,0001.98,23.5,0667.7,-34.5
2020-05-01 09:42:00,1588326120,0004.09,0002.11,23.5,0667.7,-34.5
2020-05-01 09:43:00,1588326180,0004.40,0001.78,23.5,0667.7,-34.4
2020-05-01 09:44:00,1588326240,0003.81,0001.68,23.5,0667.7,-34.2
2020-05-01 09:45:00,1588326300,0004.25,0001.90,23.5,0667.7,-33.9
2020-05-01 09:46:00,1588326360,0004.06,0001.65,23.5,0667.7,-33.8
2020-05-01 09:47:00,1588326420,0003.85,0001.83,23.5,0667.7,-33.9
2020-05-01 09:48:00,1588326480,0003.74,0001.53,23.5,0667.7,-34.1
2020-05-01 09:49:00,1588326540,0004.02,0001.90,23.5,0667.7,-34.2
2020-05-01 09:50:00,1588326600,0003.99,0001.57,23.6,0667.7,-34.2
2020-05-01 09:51:00,1588326660,0004.04,0001.91,23.6,0667.7,-34.2
2020-05-01 09:52:00,1588326720,0004.49,0001.32,23.6,0667.7,-34.1
2020-05-01 09:53:00,1588326780,0003.70,0002.07,23.6,0667.7,-34.1
2020-05-01 09:54:00,1588326840,0004.10,0001.47,23.6,0667.7,-34.0
2020-05-01 09:55:00,1588326900,0004.35,0002.07,23.6,0667.7,-34.0
2020-05-01 09:56:00,1588326960,0004.25,0001.61,23.6,0667.7,-33.9
2020-05-01 09:57:00,1588327020,,0000.39,23.6,0667.6,-33.7
2020-05-01 09:58:00,1588327080,,-000.03,23.7,0666.6,-33.7
2020-05-01 09:59:00,1588327140,,-000.23,23.8,0666.6,-33.8
2020-05-01 10:00:00,1588327200,,0000.03,23.9,0666.6,-33.9
2020-05-01 10:01:00,1588327260,,-000.18,23.9,0666.6,-33.8
2020-05-01 10:02:00,1588327320,,-000.10,23.9,0666.6,-33.8
2020-05-01 10:03:00,1588327380,,0001.54,23.9,0666.6,-33.7
2020-05-01 10:04:00,1588327440,0004.85,0002.56,23.7,0667.5,-33.5
2020-05-01 10:05:00,1588327500,0004.53,0002.19,23.7,0667.6,-33.4
2020-05-01 10:06:00,1588327560,0004.43,0001.44,23.7,0667.6,-33.3
2020-05-01 10:07:00,1588327620,0004.80,0002.02,23.6,0667.6,-33.3
2020-05-01 10:08:00,1588327680,0004.96,0001.79,23.6,0667.6,-33.4
2020-05-01 10:09:00,1588327740,0005.40,0001.96,23.6,0667.6,-33.6
2020-05-01 10:10:00,1588327800,0004.77,0002.35,23.6,0667.6,-33.6
2020-05-01 10:11:00,1588327860,0005.03,0002.35,23.6,0667.6,-33.6
2020-05-01 10:12:00,1588327920,0005.05,0002.38,23.6,0667.5,-33.4
2020-05-01 10:13:00,1588327980,0005.34,0002.78,23.6,0667.5,-33.1
2020-05-01 10:14:00,1588328040,0004.97,0001.95,23.6,0667.5,-32.9
2020-05-01 10:15:00,1588328100,0005.19,0001.75,23.6,0667.5,-32.5
2020-05-01 10:16:00,1588328160,0005.25,0001.83,23.6,0667.5,-32.4
2020-05-01 10:17:00,1588328220,0005.10,0002.05,23.6,0667.5,-32.6
2020-05-01 10:18:00,1588328280,0004.82,0001.77,23.6,0667.5,-32.8
2020-05-01 10:19:00,1588328340,0004.30,0002.09,23.6,0667.5,-32.9
2020-05-01 10:20:00,1588328400,0004.86,0001.73,23.6,0667.5,-32.9
2020-05-01 10:21:00,1588328460,0005.27,0001.94,23.6,0667.5,-33.0
2020-05-01 10:22:00,1588328520,0004.48,0002.36,23.6,0667.5,-33.0
2020-05-01 10:23:00,1588328580,0004.58,0001.60,23.6,0667.5,-33.0
2020-05-01 10:24:00,1588328640,0004.76,0002.09,23.6,0667.5,-32.9
2020-05-01 10:25:00,1588328700,0004.89,0001.46,23.6,0667.5,-33.0
2020-05-01 10:26:00,1588328760,0004.82,0001.82,23.6,0667.5,-33.0
2020-05-01 10:27:00,1588328820,0004.55,0002.21,23.6,0667.5,-33.0
2020-05-01 10:28:00,1588328880,0004.86,0001.79,23.6,0667.5,-33.0
2020-05-01 10:29:00,1588328940,0004.67,0002.19,23.6,0667.5,-33.0
2020-05-01 10:30:00,1588329000,0004.81,0002.01,23.6,0667.5,-33.0
2020-05-01 10:31:00,1588329060,0004.61,0001.87,23.6,0667.5,-32.9
2020-05-01 10:32:00,1588329120,0004.96,0002.10,23.6,0667.5,-32.7
2020-05-01 10:33:00,1588329180,0004.70,0001.49,23.6,0667.5,-32.4
2020-05-01 10:34:00,1588329240,0004.32,0001.61,23.6,0667.5,-32.4
2020-05-01 10:35:00,1588329300,0004.19,0001.93,23.6,0667.5,-32.6
2020-05-01 10:36:00,1588329360,0004.50,0002.22,23.6,0667.5,-32.7
2020-05-01 10:37:00,1588329420,0004.70,0001.83,23.6,0667.5,-32.8
2020-05-01 10:38:00,1588329480,0004.74,0001.86,23.6,0667.5,-32.8
2020-05-01 10:39:00,1588329540,0004.70,0002.18,23.7,0667.5,-32.7
2020-05-01 10:40:00,1588329600,0004.63,0002.05,23.7,0667.5,-32.6
2020-05-01 10:41:00,1588329660,0004.66,0002.06,23.7,0667.5,-32.4
2020-05-01 10:42:00,1588329720,0004.43,0002.10,23.7,0667.5,-32.1
2020-05-01 10:43:00,1588329780,0004.72,0001.58,23.7,0667.5,-31.9
2020-05-01 10:44:00,1588329840,0004.87,0001.40,23.7,0667.5,-32.0
2020-05-01 10:45:00,1588329900,0004.58,0002.12,23.6,0667.5,-32.2
2020-05-01 10:46:00,1588329960,0004.27,0001.94,23.6,0667.5,-32.4
2020-05-01 10:47:00,1588330020,0004.41,0001.55,23.6,0667.5,-32.4
2020-05-01 10:48:00,1588330080,0004.85,0002.02,23.6,0667.5,-32.4
2020-05-01 10:49:00,1588330140,0004.70,0001.79,23.6,0667.5,-32.3
2020-05-01 10:50:00,1588330200,0004.84,0002.39,23.6,0667.5,-32.3
2020-05-01 10:51:00,1588330260,0005.10,0001.59,23.7,0667.4,-32.2
2020-05-01 10:52:00,1588330320,0005.03,0002.14,23.6,0667.4,-32.1
2020-05-01 10:53:00,1588330380,0004.58,0001.78,23.7,0667.4,-32.1
2020-05-01 10:54:00,1588330440,0004.65,0002.26,23.6,0667.4,-32.1
2020-05-01 10:55:00,1588330500,0004.69,0001.49,23.6,0667.4,-32.0
2020-05-01 10:56:00,1588330560,0004.72,0001.86,23.6,0667.5,-31.9
2020-05-01 10:57:00,1588330620,,0000.13,23.7,0667.5,-31.8
2020-05-01 10:58:00,1588330680,,-000.19,23.8,0666.5,-31.8
2020-05-01 10:59:00,1588330740,,0000.14,23.9,0666.4,-31.7
2020-05-01 11:00:00,1588330800,,0000.08,23.9,0666.4,-31.6
2020-05-01 11:01:00,1588330860,,-000.35,23.9,0666.4,-31.6
2020-05-01 11:02:00,1588330920,,0000.52,23.9,0666.5,-31.6
2020-05-01 11:03:00,1588330980,,0000.79,23.9,0666.5,-31.5
2020-05-01 11:04:00,1588331040,0004.49,0002.46,23.7,0667.4,-31.5
2020-05-01 11:05:00,1588331100,0004.71,0002.10,23.7,0667.5,-31.5
2020-05-01 11:06:00,1588331160,0004.04,0001.68,23.7,0667.5,-31.5
2020-05-01 11:07:00,1588331220,0004.55,0001.97,23.7,0667.5,-31.5
2020-05-01 11:08:00,1588331280,0004.16,0001.74,23.7,0667.5,-31.5
2020-05-01 11:09:00,1588331340,0004.36,0002.00,23.7,0667.4,-31.4
2020-05-01 11:10:00,1588331400,0004.25,0001.57,23.7,0667.5,-31.3
2020-05-01 11:11:00,1588331460,0004.10,0002.04,23.7,0667.5,-31.3
2020-05-01 11:12:00,1588331520,0004.40,0002.21,23.7,0667.5,-31.3
2020-05-01 11:13:00,1588331580,0004.29,0001.62,23.7,0667.5,-31.3
2020-05-01 11:14:00,1588331640,0004.14,0002.08,23.7,0667.4,-31.3
2020-05-01 11:15:00,1588331700,0004.19,0001.53,23.7,0667.4,-31.2
2020-05-01 11:16:00,1588331760,0003.67,0001.82,23.7,0667.4,-31.2
2020-05-01 11:17:00,1588331820,0003.73,0001.44,23.7,0667.4,-31.1
2020-05-01 11:18:00,1588331880,0004.09,0001.38,23.7,0667.4,-31.1
2020-05-01 11:19:00,1588331940,0004.10,0002.07,23.7,0667.4,-31.2
2020-05-01 11:20:00,1588332000,0004.18,0001.65,23.7,0667.4,-31.2
2020-05-01 11:21:00,1588332060,0004.10,0001.95,23.7,0667.4,-31.2
2020-05-01 11:22:00,1588332120,0004.00,0001.47,23.7,0667.3,-31.1
2020-05-01 11:23:00,1588332180,0004.35,0002.12,23.7,0667.3,-31.1
2020-05-01 11:24:00,1588332240,0003.80,0001.45,23.8,0667.3,-31.0
2020-05-01 11:25:00,1588332300,0003.85,0001.77,23.7,0667.3,-31.0
2020-05-01 11:26:00,1588332360,0004.27,0001.88,23.7,0667.3,-30.9
2020-05-01 11:27:00,1588332420,0004.16,0001.95,23.7,0667.3,-30.9
2020-05-01 11:28:00,1588332480,0004.03,0001.73,23.7,0667.3,-30.8
2020-05-01 11:29:00,1588332540,0004.25,0001.77,23.7,0667.3,-30.7
2020-05-01 11:30:00,1588332600,0004.05,0001.34,23.7,0667.3,-30.6
2020-05-01 11:31:00,1588332660,0004.04,0001.66,23.8,0667.3,-30.5
2020-05-01 11:32:00,1588332720,0004.02,0001.68,23.8,0667.3,-30.5
2020-05-01 11:33:00,1588332780,0004.11,0001.42,23.8,0667.4,-30.5
2020-05-01 11:34:00,1588332840,0003.97,0001.58,23.8,0667.4,-30.6
2020-05-01 11:35:00,1588332900,0004.17,0002.10,23.8,0667.4,-30.6
2020-05-01 11:36:00,1588332960,0004.56,0001.74,23.8,0667.4,-30.6
2020-05-01 11:37:00,1588333020,0004.43,0001.72,23.8,0667.4,-30.5
2020-05-01 11:38:00,1588333080,0003.97,0002.07,23.8,0667.4,-30.5
2020-05-01 11:39:00,1588333140,0004.36,0001.63,23.8,0667.4,-30.5
2020-05-01 11:40:00,1588333200,0003.91,0002.02,23.8,0667.4,-30.4
2020-05-01 11:41:00,1588333260,0004.01,0001.65,23.8,0667.4,-30.3
2020-05-01 11:42:00,1588333320,0004.05,0000.81,23.8,0667.4,-30.3
2020-05-01 11:43:00,1588333380,0004.16,0002.05,23.8,0667.4,-30.3
2020-05-01 11:44:00,1588333440,0004.07,0001.86,23.8,0667.4,-30.2
2020-05-01 11:45:00,1588333500,0004.03,0001.51,23.8,0667.4,-30.2
2020-05-01 11:46:00,1588333560,0003.62,0001.83,23.8,0667.4,-30.0
2020-05-01 11:47:00,1588333620,0004.04,0001.88,23.8,0667.4,-30.0
2020-05-01 11:48:00,1588333680,0003.93,0001.77,23.8,0667.4,-29.8
2020-05-01 11:49:00,1588333740,0003.48,0001.86,23.8,0667.4,-29.7
2020-05-01 11:50:00,1588333800,0003.72,0001.59,23.8,0667.4,-29.7
2020-05-01 11:51:00,1588333860,0003.71,0001.68,23.9,0667.4,-29.8
2020-05-01 11:52:00,1588333920,0003.53,0001.36,23.9,0667.4,-29.8
2020-05-01 11:53:00,1588333980,0003.62,0001.15,23.9,0667.4,-29.9
2020-05-01 11:54:00,1588334040,0003.54,0001.84,23.9,0667.4,-30.0
2020-05-01 11:55:00,1588334100,0003.82,0001.23,23.9,0667.4,-29.9
2020-05-01 11:56:00,1588334160,0003.69,0001.65,23.9,0667.4,-29.9
2020-05-01 11:57:00,1588334220,,-000.28,24.0,0667.4,-29.9
2020-05-01 11:58:00,1588334280,,0000.84,24.1,0666.4,-29.9
2020-05-01 11:59:00,1588334340,,-000.45,24.2,0666.3,-29.8
2020-05-01 12:00:00,1588334400,,0000.32,24.2,0666.3,-29.8
2020-05-01 12:01:00,1588334460,,-000.26,24.2,0666.3,-29.9
2020-05-01 12:02:00,1588334520,,-000.13,24.2,0666.3,-29.9
2020-05-01 12:03:00,1588334580,,0001.16,24.2,0666.3,-29.9
2020-05-01 12:04:00,1588334640,0003.28,0001.40,24.1,0667.2,-29.9
2020-05-01 12:05:00,1588334700,0003.29,0001.16,24.0,0667.4,-29.8
2020-05-01 12:06:00,1588334760,0003.53,0001.37,24.0,0667.3,-29.8
2020-05-01 12:07:00,1588334820,0003.66,0001.84,24.1,0667.3,-29.8
2020-05-01 12:08:00,1588334880,0003.24,0001.02,24.0,0667.4,-29.7
2020-05-01 12:09:00,1588334940,0003.13,0001.23,24.0,0667.4,-29.7
2020-05-01 12:10:00,1588335000,0003.40,0001.45,24.0,0667.4,-29.7
2020-05-01 12:11:00,1588335060,0003.44,0001.71,24.0,0667.4,-29.6
2020-05-01 12:12:00,1588335120,0003.09,0001.36,24.0,0667.4,-29.6
2020-05-01 12:13:00,1588335180,0002.91,0001.14,24.0,0667.4,-29.5
2020-05-01 12:14:00,1588335240,0003.30,0001.54,24.0,0667.4,-29.5
2020-05-01 12:15:00,1588335300,0002.82,0000.51,24.0,0667.4,-29.5
2020-05-01 12:16:00,1588335360,0002.94,0001.55,24.0,0667.4,-29.5
2020-05-01 12:17:00,1588335420,0002.69,0001.50,24.0,0667.4,-29.4
2020-05-01 12:18:00,1588335480,0003.40,0001.61,24.0,0667.3,-29.3
2020-05-01 12:19:00,1588335540,0003.05,0000.89,24.0,0667.3,-29.3
2020-05-01 12:20:00,1588335600,0002.80,0001.48,24.0,0667.2,-29.2
2020-05-01 12:21:00,1588335660,0003.16,0001.63,24.0,0667.1,-29.1
2020-05-01 12:22:00,1588335720,0003.26,0000.91,24.0,0667.2,-29.0
2020-05-01 12:23:00,1588335780,0003.67,0001.30,23.9,0666.8,-29.0
2020-05-01 12:24:00,1588335840,0003.37,0001.41,24.0,0666.9,-29.0
2020-05-01 12:25:00,1588335900,0002.90,0001.50,24.1,0667.3,-29.0
2020-05-01 12:26:00,1588335960,0003.89,0001.43,24.1,0667.3,-28.9
2020-05-01 12:27:00,1588336020,0003.33,0001.24,24.1,0667.3,-28.9
2020-05-01 12:28:00,1588336080,0002.78,0001.32,24.1,0667.3,-28.8
2020-05-01 12:29:00,1588336140,0003.20,0001.40,24.1,0667.3,-28.7
2020-05-01 12:30:00,1588336200,0003.25,0001.31,24.1,0667.3,-28.7
2020-05-01 12:31:00,1588336260,0002.90,0001.24,24.1,0667.3,-28.6
2020-05-01 12:32:00,1588336320,0003.11,0001.29,24.1,0667.3,-28.6
2020-05-01 12:33:00,1588336380,0002.81,0001.25,24.1,0667.3,-28.7
2020-05-01 12:34:00,1588336440,0003.24,0001.44,24.1,0667.3,-28.6
2020-05-01 12:35:00,1588336500,0002.81,0000.88,24.1,0667.3,-28.7
2020-05-01 12:36:00,1588336560,0003.39,0001.72,24.1,0667.3,-28.6
2020-05-01 12:37:00,1588336620,0003.11,0000.94,24.1,0667.3,-28.5
2020-05-01 12:38:00,1588336680,0003.19,0001.39,24.1,0667.3,-28.5
2020-05-01 12:39:00,1588336740,0003.14,0001.31,24.1,0667.3,-28.4
2020-05-01 12:40:00,1588336800,0003.18,0001.25,24.2,0667.3,-28.5
2020-05-01 12:41:00,1588336860,0003.38,0001.50,24.1,0667.3,-28.5
2020-05-01 12:42:00,1588336920,0002.83,0001.16,24.1,0667.3,-28.4
2020-05-01 12:43:00,1588336980,0003.38,0001.27,24.1,0667.3,-28.4
2020-05-01 12:44:00,1588337040,0003.34,0001.73,24.1,0667.3,-28.3
2020-05-01 12:45:00,1588337100,0003.37,0001.34,24.2,0667.3,-28.4
2020-05-01 12:46:00,1588337160,0003.25,0001.36,24.1,0667.3,-28.4
2020-05-01 12:47:00,1588337220,0003.45,0001.39,24.1,0667.3,-28.4
2020-05-01 12:48:00,1588337280,0003.24,0000.81,24.1,0667.3,-28.3
2020-05-01 12:49:00,1588337340,0003.60,0001.13,24.1,0667.3,-28.3
2020-05-01 12:50:00,1588337400,0003.68,0001.57,24.1,0667.3,-28.3
2020-05-01 12:51:00,1588337460,0003.56,0001.25,24.1,0667.3,-28.2
2020-05-01 12:52:00,1588337520,0003.53,0002.27,24.1,0667.2,-27.9
2020-05-01 12:53:00,1588337580,0003.78,0001.26,24.1,0667.2,-27.6
2020-05-01 12:54:00,1588337640,0003.61,0000.93,24.1,0667.3,-27.7
2020-05-01 12:55:00,1588337700,0003.58,0001.18,24.1,0667.3,-27.8
2020-05-01 12:56:00,1588337760,0003.47,0001.15,24.1,0667.3,-27.9
2020-05-01 12:57:00,1588337820,,0000.02,24.2,0667.3,-28.0
2020-05-01 12:58:00,1588337880,,0000.40,24.3,0666.4,-28.1
2020-05-01 12:59:00,1588337940,,-000.00,24.4,0666.3,-28.1
2020-05-01 13:00:00,1588338000,,0000.24,24.4,0666.2,-28.0
2020-05-01 13:01:00,1588338060,,-000.23,24.4,0666.2,-27.9
2020-05-01 13:02:00,1588338120,,0000.00,24.4,0666.2,-27.9
2020-05-01 13:03:00,1588338180,,0001.34,24.4,0666.2,-27.8
2020-05-01 13:04:00,1588338240,0004.13,0001.61,24.3,0667.2,-27.7
2020-05-01 13:05:00,1588338300,0003.90,0001.55,24.2,0667.3,-27.8
2020-05-01 13:06:00,1588338360,0003.54,0001.31,24.2,0667.2,-27.7
2020-05-01 13:07:00,1588338420,0003.92,0001.19,24.2,0667.2,-27.7
2020-05-01 13:08:00,1588338480,0004.00,0001.35,24.2,0667.2,-27.7
2020-05-01 13:09:00,1588338540,0003.59,0001.31,24.2,0667.2,-27.7
2020-05-01 13:10:00,1588338600,0003.77,0001.74,24.2,0667.2,-27.6
2020-05-01 13:11:00,1588338660,0003.78,0001.06,24.2,0667.2,-27.6
2020-05-01 13:12:00,1588338720,0003.78,0001.70,24.2,0667.2,-27.6
2020-05-01 13:13:00,1588338780,0003.69,0000.80,24.2,0667.2,-27.6
2020-05-01 13:14:00,1588338840,0003.97,0002.31,24.2,0667.2,-27.6
2020-05-01 13:15:00,1588338900,0003.93,0001.18,24.3,0667.2,-27.6
2020-05-01 13:16:00,1588338960,0003.60,0001.17,24.3,0667.2,-27.5
2020-05-01 13:17:00,1588339020,0003.69,0001.74,24.4,0667.1,-27.5
2020-05-01 13:18:00,1588339080,0003.54,0001.48,24.4,0667.2,-27.5
2020-05-01 13:19:00,1588339140,0003.42,0001.25,24.4,0667.2,-27.5
2020-05-01 13:20:00,1588339200,0003.55,0001.55,24.5,0667.2,-27.5
2020-05-01 13:21:00,1588339260,0003.74,0001.21,24.5,0667.2,-27.5
2020-05-01 13:22:00,1588339320,0003.87,0001.24,24.5,0667.2,-27.5
2020-05-01 13:23:00,1588339380,0003.60,0001.86,24.5,0667.2,-27.5
2020-05-01 13:24:00,1588339440,0003.65,0001.01,24.5,0667.2,-27.5
2020-05-01 13:25:00,1588339500,0003.75,0001.48,24.5,0667.2,-27.5
2020-05-01 13:26:00,1588339560,0003.83,0001.28,24.5,0667.2,-27.5
2020-05-01 13:27:00,1588339620,0003.64,0001.25,24.5,0667.2,-27.4
2020-05-01 13:28:00,1588339680,0003.90,0001.65,24.5,0667.2,-27.4
2020-05-01 13:29:00,1588339740,0003.99,0001.21,24.5,0667.2,-27.4
2020-05-01 13:30:00,1588339800,0003.88,0001.85,24.6,0667.2,-27.4
2020-05-01 13:31:00,1588339860,0003.74,0001.15,24.5,0667.2,-27.4
2020-05-01 13:32:00,1588339920,0003.72,0001.35,24.6,0667.2,-27.4
2020-05-01 13:33:00,1588339980,0004.03,0001.40,24.6,0667.2,-27.4
2020-05-01 13:34:00,1588340040,0003.64,0001.85,24.6,0667.2,-27.4
2020-05-01 13:35:00,1588340100,0003.69,0001.38,24.6,0667.2,-27.4
2020-05-01 13:36:00,1588340160,0003.63,0001.07,24.6,0667.2,-27.3
2020-05-01 13:37:00,1588340220,0003.89,0002.03,24.6,0667.2,-27.1
2020-05-01 13:38:00,1588340280,0003.76,0001.82,24.6,0667.2,-26.9
2020-05-01 13:39:00,1588340340,0003.74,0001.38,24.6,0667.2,-26.8
2020-05-01 13:40:00,1588340400,0003.65,0001.96,24.6,0667.2,-26.6
2020-05-01 13:41:00,1588340460,0003.87,0000.89,24.6,0667.2,-26.5
2020-05-01 13:42:00,1588340520,0003.52,0001.12,24.6,0667.2,-26.6
2020-05-01 13:43:00,1588340580,0004.01,0001.58,24.6,0667.2,-26.6
2020-05-01 13:44:00,1588340640,0003.53,0001.84,24.7,0667.2,-26.8
2020-05-01 13:45:00,1588340700,0003.67,0000.93,24.7,0667.2,-26.9
2020-05-01 13:46:00,1588340760,0003.47,0002.14,24.7,0667.2,-27.0
2020-05-01 13:47:00,1588340820,0003.92,0001.16,24.7,0667.2,-27.0
2020-05-01 13:48:00,1588340880,0004.06,0001.24,24.7,0667.2,-27.0
2020-05-01 13:49:00,1588340940,0003.53,0001.18,24.7,0667.2,-27.0
2020-05-01 13:50:00,1588341000,0003.79,0001.51,24.7,0667.2,-26.9
2020-05-01 13:51:00,1588341060,0003.90,0001.62,24.7,0667.2,-26.9
2020-05-01 13:52:00,1588341120,0003.40,0001.21,24.7,0667.2,-26.9
2020-05-01 13:53:00,1588341180,0003.75,0001.35,24.7,0667.2,-26.9
2020-05-01 13:54:00,1588341240,0003.90,0001.84,24.7,0667.2,-26.8
2020-05-01 13:55:00,1588341300,0003.54,0001.18,24.7,0667.2,-26.7
2020-05-01 13:56:00,1588341360,0004.17,0001.55,24.7,0667.2,-26.6
2020-05-01 13:57:00,1588341420,,-000.14,24.7,0667.2,-26.6
2020-05-01 13:58:00,1588341480,,0000.35,24.8,0666.3,-26.6
2020-05-01 13:59:00,1588341540,,-000.63,24.9,0666.2,-26.6
2020-05-01 14:00:00,1588341600,,0000.04,24.9,0666.2,-26.6
2020-05-01 14:01:00,1588341660,,-000.01,24.9,0666.2,-26.6
2020-05-01 14:02:00,1588341720,,0000.24,25.0,0666.2,-26.6
2020-05-01 14:03:00,1588341780,,0001.10,25.0,0666.2,-26.6
2020-05-01 14:04:00,1588341840,0003.58,0001.51,24.8,0667.1,-26.6
2020-05-01 14:05:00,1588341900,0003.93,0001.64,24.8,0667.2,-26.5
2020-05-01 14:06:00,1588341960,0003.73,0001.55,24.8,0667.2,-26.5
2020-05-01 14:07:00,1588342020,0004.14,0001.10,24.8,0667.2,-26.5
2020-05-01 14:08:00,1588342080,0003.68,0001.45,24.7,0667.2,-26.5
2020-05-01 14:09:00,1588342140,0004.06,0001.21,24.8,0667.2,-26.5
2020-05-01 14:10:00,1588342200,0003.99,0001.24,24.7,0667.2,-26.5
2020-05-01 14:11:00,1588342260,0003.74,0001.36,24.8,0667.2,-26.5
2020-05-01 14:12:00,1588342320,0003.52,0001.71,24.8,0667.2,-26.5
2020-05-01 14:13:00,1588342380,0003.55,0001.32,24.7,0667.2,-26.4
2020-05-01 14:14:00,1588342440,0003.69,0001.47,24.7,0667.2,-26.4
2020-05-01 14:15:00,1588342500,0003.61,0001.50,24.8,0667.2,-26.4
2020-05-01 14:16:00,1588342560,0003.30,0001.33,24.8,0667.2,-26.4
2020-05-01 14:17:00,1588342620,0003.94,0001.45,24.8,0667.2,-26.5
2020-05-01 14:18:00,1588342680,0003.78,0001.45,24.8,0667.2,-26.5
2020-05-01 14:19:00,1588342740,0003.76,0001.44,24.8,0667.2,-26.5
2020-05-01 14:20:00,1588342800,0003.78,0001.21,24.8,0667.2,-26.4
2020-05-01 14:21:00,1588342860,0003.60,0001.49,24.8,0667.2,-26.4
2020-05-01 14:22:00,1588342920,0003.94,0001.51,24.8,0667.2,-26.4
2020-05-01 14:23:00,1588342980,0003.80,0001.48,24.8,0667.2,-26.4
2020-05-01 14:24:00,1588343040,0003.55,0001.40,24.8,0667.2,-26.4
2020-05-01 14:25:00,1588343100,0003.48,0001.18,24.8,0667.2,-26.4
2020-05-01 14:26:00,1588343160,0003.99,0002.04,24.8,0667.1,-26.3
2020-05-01 14:27:00,1588343220,0003.67,0001.16,24.8,0667.1,-26.2
2020-05-01 14:28:00,1588343280,0003.31,0001.29,24.8,0667.1,-26.2
2020-05-01 14:29:00,1588343340,0003.46,0001.35,24.8,0667.2,-26.1
2020-05-01 14:30:00,1588343400,0003.72,0001.58,24.8,0667.2,-26.2
2020-05-01 14:31:00,1588343460,0003.33,0001.93,24.8,0667.2,-26.2
2020-05-01 14:32:00,1588343520,0003.61,0000.76,24.8,0667.2,-26.2
2020-05-01 14:33:00,1588343580,0003.76,0001.90,24.8,0667.2,-26.2
2020-05-01 14:34:00,1588343640,0003.68,0001.26,24.8,0667.1,-26.2
2020-05-01 14:35:00,1588343700,0003.90,0001.15,24.8,0667.1,-26.2
2020-05-01 14:36:00,1588343760,0003.55,0000.94,24.8,0667.1,-26.2
2020-05-01 14:37:00,1588343820,0003.63,0001.44,24.9,0667.1,-26.2
2020-05-01 14:38:00,1588343880,0003.63,0001.36,24.9,0667.1,-26.2
2020-05-01 14:39:00,1588343940,0003.48,0001.27,24.9,0667.1,-26.2
2020-05-01 14:40:00,1588344000,0003.34,0000.97,24.9,0667.1,-26.2
2020-05-01 14:41:00,1588344060,0003.63,0001.72,24.9,0667.1,-26.2
2020-05-01 14:42:00,1588344120,0003.45,0001.28,24.9,0667.1,-26.3
2020-05-01 14:43:00,1588344180,0003.69,0001.15,24.9,0667.1,-26.3
2020-05-01 14:44:00,1588344240,0003.31,0001.74,24.9,0667.1,-26.3
2020-05-01 14:45:00,1588344300,0003.94,0001.39,24.9,0667.1,-26.3
2020-05-01 14:46:00,1588344360,0003.81,0001.25,24.9,0667.1,-26.3
2020-05-01 14:47:00,1588344420,0003.24,0001.38,24.9,0667.1,-26.3
2020-05-01 14:48:00,1588344480,0003.57,0001.52,24.9,0667.1,-26.3
2020-05-01 14:49:00,1588344540,0003.67,0000.82,24.9,0667.1,-26.2
2020-05-01 14:50:00,1588344600,0003.97,0001.21,24.9,0667.1,-26.2
2020-05-01 14:51:00,1588344660,0003.28,0001.38,24.9,0667.1,-26.2
2020-05-01 14:52:00,1588344720,0003.82,0001.51,24.9,0667.1,-26.2
2020-05-01 14:53:00,1588344780,0003.74,0001.06,24.9,0667.1,-26.2
2020-05-01 14:54:00,1588344840,0003.77,0001.68,24.9,0667.0,-26.1
2020-05-01 14:55:00,1588344900,0003.38,0000.92,24.9,0667.0,-26.1
2020-05-01 14:56:00,1588344960,0003.61,0001.93,24.9,0667.0,-26.1
2020-05-01 14:57:00,1588345020,,-000.13,24.9,0667.0,-26.1
2020-05-01 14:58:00,1588345080,,-000.16,25.0,0666.0,-26.0
2020-05-01 14:59:00,1588345140,,-000.25,25.1,0666.0,-26.1
2020-05-01 15:00:00,1588345200,,0000.01,25.1,0666.0,-26.1
2020-05-01 15:01:00,1588345260,,-000.43,25.1,0666.0,-26.1
2020-05-01 15:02:00,1588345320,,0000.64,25.1,0666.0,-26.1
2020-05-01 15:03:00,1588345380,,0001.31,25.1,0666.0,-26.1
2020-05-01 15:04:00,1588345440,0003.97,0001.57,25.0,0666.9,-26.1
2020-05-01 15:05:00,1588345500,0003.88,0001.04,24.9,0667.0,-26.1
2020-05-01 15:06:00,1588345560,0003.82,0001.34,24.9,0667.0,-26.0
2020-05-01 15:07:00,1588345620,0004.00,0001.28,24.9,0667.0,-26.0
2020-05-01 15:08:00,1588345680,0003.32,0001.33,24.9,0667.0,-26.0
2020-05-01 15:09:00,1588345740,0003.11,0000.96,24.9,0667.0,-26.0
2020-05-01 15:10:00,1588345800,0003.61,0001.73,24.9,0667.0,-26.0
2020-05-01 15:11:00,1588345860,0003.51,0001.19,24.9,0667.0,-25.9
2020-05-01 15:12:00,1588345920,0003.34,0001.28,24.9,0667.0,-25.9
2020-05-01 15:13:00,1588345980,0003.69,0001.53,25.0,0667.0,-25.9
2020-05-01 15:14:00,1588346040,0003.61,0001.24,25.0,0667.0,-25.9
2020-05-01 15:15:00,1588346100,0003.79,0001.29,25.0,0667.0,-25.9
2020-05-01 15:16:00,1588346160,0004.05,0000.75,25.0,0667.0,-25.9
2020-05-01 15:17:00,1588346220,0003.57,0001.51,25.0,0667.0,-25.9
2020-05-01 15:18:00,1588346280,0003.41,0001.80,25.0,0666.9,-25.9
2020-05-01 15:19:00,1588346340,0003.45,0001.35,25.0,0666.9,-25.9
2020-05-01 15:20:00,1588346400,0003.56,0001.35,25.0,0666.9,-25.9
2020-05-01 15:21:00,1588346460,0003.16,0001.53,25.0,0666.9,-25.8
2020-05-01 15:22:00,1588346520,0003.35,0001.36,25.0,0667.0,-25.8
2020-05-01 15:23:00,1588346580,0003.97,0000.82,25.0,0667.0,-25.8
2020-05-01 15:24:00,1588346640,0003.81,0001.42,25.0,0667.0,-25.8
2020-05-01 15:25:00,1588346700,0003.60,0001.12,25.0,0667.0,-25.8
2020-05-01 15:26:00,1588346760,0003.74,0001.43,25.0,0667.0,-25.8
2020-05-01 15:27:00,1588346820,0003.64,0001.07,25.1,0667.0,-25.8
2020-05-01 15:28:00,1588346880,0003.75,0001.08,25.1,0667.0,-25.8
2020-05-01 15:29:00,1588346940,0003.32,0001.67,25.1,0667.0,-25.8
2020-05-01 15:30:00,1588347000,0003.27,0001.17,25.1,0667.0,-25.7
2020-05-01 15:31:00,1588347060,0003.47,0001.65,25.1,0667.0,-25.7
2020-05-01 15:32:00,1588347120,0003.65,0001.24,25.1,0667.0,-25.7
2020-05-01 15:33:00,1588347180,0003.46,0001.20,25.1,0667.0,-25.7
2020-05-01 15:34:00,1588347240,0003.94,0001.55,25.1,0667.0,-25.7
2020-05-01 15:35:00,1588347300,0003.72,0001.50,25.1,0667.0,-25.7
2020-05-01 15:36:00,1588347360,0003.80,0001.04,25.1,0667.0,-25.6
2020-05-01 15:37:00,1588347420,0003.79,0001.31,25.1,0667.0,-25.6
2020-05-01 15:38:00,1588347480,0003.96,0000.96,25.1,0667.0,-25.6
2020-05-01 15:39:00,1588347540,0003.59,0001.48,25.1,0667.0,-25.7
2020-05-01 15:40:00,1588347600,0003.62,0001.14,25.1,0667.0,-25.7
2020-05-01 15:41:00,1588347660,0003.56,0001.42,25.1,0667.0,-25.7
2020-05-01 15:42:00,1588347720,0003.42,0001.42,25.1,0667.0,-25.7
2020-05-01 15:43:00,1588347780,0003.83,0001.22,25.2,0666.9,-25.7
2020-05-01 15:44:00,1588347840,0003.48,0001.09,25.2,0666.9,-25.6
2020-05-01 15:45:00,1588347900,0003.48,0001.25,25.1,0667.0,-25.6
2020-05-01 15:46:00,1588347960,0003.80,0001.15,25.1,0666.9,-25.7
2020-05-01 15:47:00,1588348020,0003.57,0001.54,25.2,0666.9,-25.8
2020-05-01 15:48:00,1588348080,0004.06,0001.17,25.2,0667.0,-25.9
2020-05-01 15:49:00,1588348140,0003.74,0001.71,25.2,0667.0,-25.9
2020-05-01 15:50:00,1588348200,0003.50,0001.50,25.2,0667.0,-25.8
2020-05-01 15:51:00,1588348260,0004.16,0001.48,25.2,0667.0,-25.8
2020-05-01 15:52:00,1588348320,0003.44,0001.35,25.2,0667.0,-25.7
2020-05-01 15:53:00,1588348380,0003.54,0001.79,25.2,0667.0,-25.7
2020-05-01 15:54:00,1588348440,0003.78,0001.58,25.2,0667.0,-25.7
2020-05-01 15:55:00,1588348500,0003.72,0001.13,25.2,0667.0,-25.6
2020-05-01 15:56:00,1588348560,0003.79,0001.13,25.2,0667.0,-25.6
2020-05-01 15:57:00,1588348620,,0000.13,25.2,0667.0,-25.6
2020-05-01 15:58:00,1588348680,,-000.37,25.3,0666.0,-25.6
2020-05-01 15:59:00,1588348740,,-000.43,25.4,0665.9,-25.7
2020-05-01 16:00:00,1588348800,,0000.38,25.4,0665.9,-25.7
2020-05-01 16:01:00,1588348860,,-000.38,25.4,0665.9,-25.7
2020-05-01 16:02:00,1588348920,,-000.11,25.4,0665.9,-25.7
2020-05-01 16:03:00,1588348980,,0001.37,25.4,0665.9,-25.7
2020-05-01 16:04:00,1588349040,0003.67,0001.69,25.2,0666.8,-25.6
2020-05-01 16:05:00,1588349100,0003.85,0000.97,25.2,0666.9,-25.6
2020-05-01 16:06:00,1588349160,0003.34,0001.59,25.2,0666.9,-25.6
2020-05-01 16:07:00,1588349220,0003.74,0001.33,25.2,0666.9,-25.5
2020-05-01 16:08:00,1588349280,0003.64,0001.48,25.2,0666.9,-25.5
2020-05-01 16:09:00,1588349340,0003.72,0001.15,25.2,0666.9,-25.5
2020-05-01 16:10:00,1588349400,0003.95,0001.81,25.2,0666.9,-25.5
2020-05-01 16:11:00,1588349460,0003.63,0001.34,25.2,0666.8,-25.5
2020-05-01 16:12:00,1588349520,0003.46,0001.48,25.1,0666.8,-25.4
2020-05-01 16:13:00,1588349580,0003.63,0001.62,25.1,0666.8,-25.4
2020-05-01 16:14:00,1588349640,0003.49,0000.85,25.2,0666.8,-25.4
2020-05-01 16:15:00,1588349700,0003.89,0001.75,25.2,0666.9,-25.3
2020-05-01 16:16:00,1588349760,0003.80,0001.38,25.1,0666.9,-25.3
2020-05-01 16:17:00,1588349820,0003.39,0001.54,25.1,0666.9,-25.3
2020-05-01 16:18:00,1588349880,0003.61,0001.67,25.1,0666.9,-25.2
2020-05-01 16:19:00,1588349940,0003.85,0001.41,25.1,0666.9,-25.2
2020-05-01 16:20:00,1588350000,0003.81,0001.49,25.1,0666.8,-25.2
2020-05-01 16:21:00,1588350060,0003.78,0000.93,25.1,0666.8,-25.2
2020-05-01 16:22:00,1588350120,0003.76,0001.64,25.1,0666.8,-25.2
2020-05-01 16:23:00,1588350180,0003.92,0001.24,25.1,0666.8,-25.2
2020-05-01 16:24:00,1588350240,0003.86,0001.60,25.1,0666.8,-25.2
2020-05-01 16:25:00,1588350300,0003.77,0001.18,25.1,0666.8,-25.3
2020-05-01 16:26:00,1588350360,0003.55,0001.25,25.1,0666.8,-25.3
2020-05-01 16:27:00,1588350420,0003.43,0001.19,25.1,0666.8,-25.3
2020-05-01 16:28:00,1588350480,0003.75,0001.69,25.1,0666.8,-25.3
2020-05-01 16:29:00,1588350540,0003.82,0001.17,25.1,0666.8,-25.3
2020-05-01 16:30:00,1588350600,0003.20,0001.02,25.1,0666.8,-25.3
2020-05-01 16:31:00,1588350660,0003.36,0001.71,25.1,0666.8,-25.3
2020-05-01 16:32:00,1588350720,0004.10,0001.36,25.1,0666.8,-25.3
2020-05-01 16:33:00,1588350780,0003.75,0001.21,25.1,0666.8,-25.2
2020-05-01 16:34:00,1588350840,0003.48,0001.49,25.1,0666.8,-25.2
2020-05-01 16:35:00,1588350900,0003.51,0001.73,25.1,0666.7,-25.2
2020-05-01 16:36:00,1588350960,0003.72,0001.60,25.1,0666.7,-25.2
2020-05-01 16:37:00,1588351020,0003.76,0001.35,25.1,0666.7,-25.2
2020-05-01 16:38:00,1588351080,0003.50,0001.19,25.1,0666.7,-25.2
2020-05-01 16:39:00,1588351140,0003.54,0001.23,25.1,0666.7,-25.2
2020-05-01 16:40:00,1588351200,0003.61,0001.86,25.1,0666.7,-25.2
2020-05-01 16:41:00,1588351260,0003.66,0001.33,25.1,0666.7,-25.2
2020-05-01 16:42:00,1588351320,0003.46,0001.32,25.1,0666.7,-25.2
2020-05-01 16:43:00,1588351380,0003.64,0001.38,25.1,0666.7,-25.2
2020-05-01 16:44:00,1588351440,0003.93,0001.41,25.1,0666.7,-25.2
2020-05-01 16:45:00,1588351500,0003.46,0001.25,25.1,0666.7,-25.2
2020-05-01 16:46:00,1588351560,0003.67,0001.85,25.1,0666.7,-25.1
2020-05-01 16:47:00,1588351620,0003.66,0000.82,25.1,0666.7,-25.1
2020-05-01 16:48:00,1588351680,0003.83,0001.89,25.1,0666.7,-25.1
2020-05-01 16:49:00,1588351740,0003.61,0000.85,25.1,0666.7,-25.1
2020-05-01 16:50:00,1588351800,0003.32,0001.53,25.1,0666.7,-25.1
2020-05-01 16:51:00,1588351860,0003.69,0001.56,25.1,0666.7,-25.1
2020-05-01 16:52:00,1588351920,0003.46,0001.67,25.1,0666.7,-25.1
2020-05-01 16:53:00,1588351980,0003.41,0000.96,25.1,0666.7,-25.1
2020-05-01 16:54:00,1588352040,0003.83,0001.29,25.1,0666.7,-25.1
2020-05-01 16:55:00,1588352100,0003.46,0001.18,25.1,0666.7,-25.1
2020-05-01 16:56:00,1588352160,0003.40,0000.99,25.1,0666.7,-25.1
2020-05-01 16:57:00,1588352220,,0000.21,25.1,0666.8,-25.1
2020-05-01 16:58:00,1588352280,,-000.11,25.2,0665.7,-25.2
2020-05-01 16:59:00,1588352340,,-000.43,25.3,0665.7,-25.2
2020-05-01 17:00:00,1588352400,,0000.28,25.3,0665.7,-25.2
2020-05-01 17:01:00,1588352460,,0000.01,25.3,0665.7,-25.2
2020-05-01 17:02:00,1588352520,,-000.55,25.3,0665.7,-25.3
2020-05-01 17:03:00,1588352580,,0001.44,25.3,0665.7,-25.3
2020-05-01 17:04:00,1588352640,0003.43,0001.90,25.1,0666.6,-25.3
2020-05-01 17:05:00,1588352700,0003.31,0001.22,25.1,0666.7,-25.3
2020-05-01 17:06:00,1588352760,0003.23,0001.43,25.1,0666.7,-25.3
2020-05-01 17:07:00,1588352820,0003.82,0001.50,25.1,0666.7,-25.3
2020-05-01 17:08:00,1588352880,0003.21,0001.14,25.1,0666.7,-25.3
2020-05-01 17:09:00,1588352940,0003.20,0001.51,25.1,0666.7,-25.2
2020-05-01 17:10:00,1588353000,0003.76,0001.88,25.1,0666.7,-25.3
2020-05-01 17:11:00,1588353060,0003.54,0000.98,25.1,0666.7,-25.2
2020-05-01 17:12:00,1588353120,0003.40,0001.62,25.1,0666.6,-25.2
2020-05-01 17:13:00,1588353180,0003.52,0001.45,25.1,0666.6,-25.1
2020-05-01 17:14:00,1588353240,0003.77,0001.64,25.1,0666.6,-25.1
2020-05-01 17:15:00,1588353300,0003.59,0001.33,25.1,0666.6,-25.0
2020-05-01 17:16:00,1588353360,0003.67,0001.59,25.1,0666.6,-25.0
2020-05-01 17:17:00,1588353420,0003.55,0001.21,25.1,0666.6,-25.0
2020-05-01 17:18:00,1588353480,0003.36,0001.41,25.1,0666.6,-24.9
2020-05-01 17:19:00,1588353540,0003.73,0001.42,25.1,0666.6,-24.9
2020-05-01 17:20:00,1588353600,0003.46,0001.19,25.1,0666.6,-25.0
2020-05-01 17:21:00,1588353660,0003.25,0001.13,25.1,0666.6,-25.0
2020-05-01 17:22:00,1588353720,0003.62,0001.44,25.1,0666.6,-25.1
2020-05-01 17:23:00,1588353780,0003.40,0001.78,25.1,0666.6,-25.1
2020-05-01 17:24:00,1588353840,0003.41,0001.07,25.1,0666.6,-25.1
2020-05-01 17:25:00,1588353900,0003.83,0001.16,25.1,0666.6,-25.1
2020-05-01 17:26:00,1588353960,0003.56,0001.37,25.1,0666.6,-25.1
2020-05-01 17:27:00,1588354020,0003.36,0002.21,25.1,0666.6,-25.2
2020-05-01 17:28:00,1588354080,0003.84,0000.78,25.1,0666.6,-25.2
2020-05-01 17:29:00,1588354140,0003.67,0002.12,25.1,0666.5,-25.2
2020-05-01 17:30:00,1588354200,0003.22,0001.29,25.1,0666.6,-25.2
2020-05-01 17:31:00,1588354260,0003.47,0001.23,25.1,0666.6,-25.1
2020-05-01 17:32:00,1588354320,0003.68,0002.07,25.1,0666.6,-25.1
2020-05-01 17:33:00,1588354380,0003.36,0001.38,25.1,0666.6,-25.1
2020-05-01 17:34:00,1588354440,0003.64,0000.89,25.1,0666.5,-25.1
2020-05-01 17:35:00,1588354500,0003.59,0001.47,25.1,0666.6,-25.1
2020-05-01 17:36:00,1588354560,0003.50,0001.71,25.1,0666.5,-25.1
2020-05-01 17:37:00,1588354620,0003.35,0000.98,25.1,0666.6,-25.1
2020-05-01 17:38:00,1588354680,0003.51,0001.57,25.1,0666.5,-25.2
2020-05-01 17:39:00,1588354740,0003.45,0001.52,25.1,0666.5,-25.2
2020-05-01 17:40:00,1588354800,0003.37,0001.28,25.1,0666.5,-25.2
2020-05-01 17:41:00,1588354860,0003.63,0001.60,25.1,0666.5,-25.2
2020-05-01 17:42:00,1588354920,0003.57,0001.23,25.1,0666.6,-25.3
2020-05-01 17:43:00,1588354980,0003.47,0001.61,25.1,0666.6,-25.3
2020-05-01 17:44:00,1588355040,0003.54,0001.46,25.1,0666.6,-25.3
2020-05-01 17:45:00,1588355100,0003.63,0001.13,25.1,0666.6,-25.3
2020-05-01 17:46:00,1588355160,0003.30,0001.67,25.1,0666.6,-25.3
2020-05-01 17:47:00,1588355220,0003.79,0001.27,25.1,0666.6,-25.4
2020-05-01 17:48:00,1588355280,0003.80,0001.48,25.1,0666.6,-25.4
2020-05-01 17:49:00,1588355340,0003.41,0001.08,25.1,0666.6,-25.4
2020-05-01 17:50:00,1588355400,0003.40,0001.35,25.1,0666.6,-25.4
2020-05-01 17:51:00,1588355460,0003.52,0001.71,25.1,0666.6,-25.4
2020-05-01 17:52:00,1588355520,0003.51,0001.56,25.1,0666.6,-25.4
2020-05-01 17:53:00,1588355580,0003.61,0001.14,25.1,0666.6,-25.4
2020-05-01 17:54:00,1588355640,0003.77,0001.75,25.1,0666.6,-25.4
2020-05-01 17:55:00,1588355700,0003.18,0001.13,25.1,0666.6,-25.4
2020-05-01 17:56:00,1588355760,0003.50,0001.59,25.1,0666.6,-25.4
2020-05-01 17:57:00,1588355820,,0000.40,25.1,0666.6,-25.4
2020-05-01 17:58:00,1588355880,,-000.16,25.2,0665.6,-25.4
2020-05-01 17:59:00,1588355940,,-000.17,25.3,0665.6,-25.3
2020-05-01 18:00:00,1588356000,,-000.13,25.3,0665.6,-25.3
2020-05-01 18:01:00,1588356060,,-000.36,25.3,0665.6,-25.3
2020-05-01 18:02:00,1588356120,,0000.48,25.3,0665.6,-25.3
2020-05-01 18:03:00,1588356180,,0000.60,25.3,0665.6,-25.4
2020-05-01 18:04:00,1588356240,0003.98,0001.60,25.1,0666.5,-25.4
2020-05-01 18:05:00,1588356300,0003.36,0001.55,25.1,0666.6,-25.4
2020-05-01 18:06:00,1588356360,0003.31,0001.57,25.1,0666.6,-25.4
2020-05-01 18:07:00,1588356420,0003.44,0001.10,25.1,0666.6,-25.4
2020-05-01 18:08:00,1588356480,0004.34,0001.86,25.1,0666.6,-25.4
2020-05-01 18:09:00,1588356540,0003.66,0001.57,25.1,0666.6,-25.4
2020-05-01 18:10:00,1588356600,0003.63,0001.35,25.1,0666.6,-25.4
2020-05-01 18:11:00,1588356660,0003.70,0001.50,25.1,0666.6,-25.4
2020-05-01 18:12:00,1588356720,0003.83,0001.36,25.1,0666.6,-25.4
2020-05-01 18:13:00,1588356780,0003.80,0001.08,25.1,0666.6,-25.4
2020-05-01 18:14:00,1588356840,0003.83,0001.80,25.0,0666.5,-25.5
2020-05-01 18:15:00,1588356900,0003.97,0001.31,25.1,0666.5,-25.5
2020-05-01 18:16:00,1588356960,0003.67,0001.40,25.1,0666.5,-25.5
2020-05-01 18:17:00,1588357020,0003.99,0001.78,25.1,0666.5,-25.5
2020-05-01 18:18:00,1588357080,0003.99,0001.16,25.1,0666.5,-25.5
2020-05-01 18:19:00,1588357140,0004.21,0001.39,25.1,0666.5,-25.4
2020-05-01 18:20:00,1588357200,0003.45,0001.86,25.1,0666.5,-25.4
2020-05-01 18:21:00,1588357260,0003.90,0000.98,25.1,0666.5,-25.4
2020-05-01 18:22:00,1588357320,0004.04,0001.92,25.1,0666.5,-25.4
2020-05-01 18:23:00,1588357380,0003.80,0001.07,25.1,0666.5,-25.5
2020-05-01 18:24:00,1588357440,0003.92,0001.66,25.1,0666.5,-25.5
2020-05-01 18:25:00,1588357500,0004.09,0001.66,25.1,0666.5,-25.5
2020-05-01 18:26:00,1588357560,0003.62,0001.41,25.1,0666.5,-25.5
2020-05-01 18:27:00,1588357620,0003.97,0001.67,25.1,0666.5,-25.5
2020-05-01 18:28:00,1588357680,0003.83,0001.33,25.1,0666.5,-25.5
2020-05-01 18:29:00,1588357740,0004.01,0001.35,25.1,0666.5,-25.5
2020-05-01 18:30:00,1588357800,0003.87,0001.60,25.1,0666.5,-25.6
2020-05-01 18:31:00,1588357860,0004.00,0001.56,25.1,0666.5,-25.6
2020-05-01 18:32:00,1588357920,0004.13,0001.38,25.1,0666.5,-25.7
2020-05-01 18:33:00,1588357980,0004.18,0001.88,25.1,0666.5,-25.7
2020-05-01 18:34:00,1588358040,0003.59,0001.31,25.0,0666.5,-25.7
2020-05-01 18:35:00,1588358100,0003.66,0001.55,25.0,0666.5,-25.7
2020-05-01 18:36:00,1588358160,0003.79,0001.48,25.1,0666.5,-25.7
2020-05-01 18:37:00,1588358220,0003.64,0001.52,25.1,0666.5,-25.7
2020-05-01 18:38:00,1588358280,0004.12,0001.77,25.1,0666.5,-25.8
2020-05-01 18:39:00,1588358340,0004.10,0001.23,25.1,0666.5,-25.8
2020-05-01 18:40:00,1588358400,0003.93,0001.78,25.0,0666.5,-25.9
2020-05-01 18:41:00,1588358460,0004.10,0000.94,25.0,0666.5,-25.9
2020-05-01 18:42:00,1588358520,0004.11,0001.68,25.0,0666.5,-25.9
2020-05-01 18:43:00,1588358580,0003.91,0001.70,25.0,0666.5,-26.0
2020-05-01 18:44:00,1588358640,0004.17,0001.50,25.0,0666.5,-26.0
2020-05-01 18:45:00,1588358700,0004.00,0001.30,25.0,0666.5,-26.0
2020-05-01 18:46:00,1588358760,0004.08,0001.83,25.0,0666.5,-26.0
2020-05-01 18:47:00,1588358820,0003.50,0001.61,25.0,0666.4,-26.0
2020-05-01 18:48:00,1588358880,0003.68,0001.11,25.0,0666.4,-26.0
2020-05-01 18:49:00,1588358940,0003.96,0001.84,25.0,0666.4,-26.1
2020-05-01 18:50:00,1588359000,0004.01,0001.21,25.0,0666.5,-26.1
2020-05-01 18:51:00,1588359060,0004.25,0001.36,25.0,0666.4,-26.2
2020-05-01 18:52:00,1588359120,0004.00,0002.17,25.0,0666.4,-26.2
2020-05-01 18:53:00,1588359180,0003.88,0000.90,25.0,0666.4,-26.2
2020-05-01 18:54:00,1588359240,0003.99,0001.80,25.0,0666.4,-26.2
2020-05-01 18:55:00,1588359300,0003.93,0001.60,25.0,0666.4,-26.3
2020-05-01 18:56:00,1588359360,0004.10,0001.81,25.0,0666.4,-26.3
2020-05-01 18:57:00,1588359420,,0000.52,25.0,0666.4,-26.4
2020-05-01 18:58:00,1588359480,,-000.28,25.1,0665.4,-26.4
2020-05-01 18:59:00,1588359540,,-000.43,25.2,0665.4,-26.4
2020-05-01 19:00:00,1588359600,,0000.01,25.3,0665.4,-26.5
2020-05-01 19:01:00,1588359660,,-000.32,25.3,0665.4,-26.5
2020-05-01 19:02:00,1588359720,,0000.10,25.3,0665.4,-26.6
2020-05-01 19:03:00,1588359780,,0001.07,25.3,0665.4,-26.6
2020-05-01 19:04:00,1588359840,0004.42,0001.77,25.2,0666.3,-26.6
2020-05-01 19:05:00,1588359900,0003.69,0001.43,25.1,0666.4,-26.6
2020-05-01 19:06:00,1588359960,0004.00,0001.14,25.1,0666.4,-26.6
2020-05-01 19:07:00,1588360020,0004.37,0002.15,25.1,0666.4,-26.6
2020-05-01 19:08:00,1588360080,0003.98,0001.46,25.1,0666.4,-26.7
2020-05-01 19:09:00,1588360140,0004.01,0001.74,25.1,0666.4,-26.7
2020-05-01 19:10:00,1588360200,0004.05,0001.61,25.1,0666.5,-26.8
2020-05-01 19:11:00,1588360260,0004.19,0001.39,25.1,0666.5,-26.8
2020-05-01 19:12:00,1588360320,0004.24,0001.74,25.1,0666.5,-26.8
2020-05-01 19:13:00,1588360380,0004.12,0001.38,25.1,0666.5,-26.9
2020-05-01 19:14:00,1588360440,0004.01,0001.81,25.1,0666.5,-26.9
2020-05-01 19:15:00,1588360500,0004.13,0001.44,25.1,0666.5,-27.0
2020-05-01 19:16:00,1588360560,0004.39,0001.65,25.1,0666.5,-27.0
2020-05-01 19:17:00,1588360620,0003.97,0001.47,25.1,0666.5,-27.1
2020-05-01 19:18:00,1588360680,0003.84,0001.85,25.1,0666.5,-27.1
2020-05-01 19:19:00,1588360740,0003.84,0001.39,25.1,0666.5,-27.1
2020-05-01 19:20:00,1588360800,0004.04,0001.88,25.1,0666.5,-27.1
2020-05-01 19:21:00,1588360860,0004.01,0001.23,25.1,0666.5,-27.1
2020-05-01 19:22:00,1588360920,0004.38,0001.83,25.1,0666.5,-27.2
2020-05-01 19:23:00,1588360980,0004.23,0001.78,25.1,0666.5,-27.2
2020-05-01 19:24:00,1588361040,0004.29,0001.49,25.1,0666.5,-27.2
2020-05-01 19:25:00,1588361100,0004.41,0001.58,25.2,0666.5,-27.2
2020-05-01 19:26:00,1588361160,0004.31,0001.76,25.1,0666.5,-27.2
2020-05-01 19:27:00,1588361220,0004.28,0001.81,25.1,0666.5,-27.3
2020-05-01 19:28:00,1588361280,0004.60,0001.71,25.1,0666.5,-27.3
2020-05-01 19:29:00,1588361340,0004.05,0001.82,25.2,0666.5,-27.3
2020-05-01 19:30:00,1588361400,0004.26,0001.96,25.2,0666.4,-27.4
2020-05-01 19:31:00,1588361460,0004.20,0001.41,25.2,0666.4,-27.3
2020-05-01 19:32:00,1588361520,0004.37,0001.54,25.2,0666.5,-27.3
2020-05-01 19:33:00,1588361580,0004.69,0001.96,25.2,0666.4,-27.4
2020-05-01 19:34:00,1588361640,0004.52,0002.01,25.2,0666.4,-27.5
2020-05-01 19:35:00,1588361700,0004.59,0001.58,25.2,0666.4,-27.5
2020-05-01 19:36:00,1588361760,0004.68,0001.52,25.2,0666.4,-27.5
2020-05-01 19:37:00,1588361820,0004.28,0001.67,25.2,0666.5,-27.5
2020-05-01 19:38:00,1588361880,0004.26,0002.42,25.2,0666.4,-27.5
2020-05-01 19:39:00,1588361940,0004.53,0001.37,25.1,0666.4,-27.5
2020-05-01 19:40:00,1588362000,0004.27,0001.48,25.2,0666.4,-27.5
2020-05-01 19:41:00,1588362060,0004.51,0002.10,25.2,0666.4,-27.6
2020-05-01 19:42:00,1588362120,0004.62,0001.51,25.1,0666.4,-27.7
2020-05-01 19:43:00,1588362180,0004.34,0002.24,25.1,0666.4,-27.8
2020-05-01 19:44:00,1588362240,0004.48,0002.18,25.2,0666.4,-27.9
2020-05-01 19:45:00,1588362300,0004.72,0001.45,25.1,0666.4,-27.9
2020-05-01 19:46:00,1588362360,0004.46,0001.99,25.1,0666.4,-28.0
2020-05-01 19:47:00,1588362420,0004.37,0001.81,25.1,0666.4,-28.0
2020-05-01 19:48:00,1588362480,0004.78,0001.93,25.1,0666.4,-28.0
2020-05-01 19:49:00,1588362540,0004.85,0001.26,25.1,0666.4,-28.1
2020-05-01 19:50:00,1588362600,0005.06,0002.20,25.1,0666.4,-28.1
2020-05-01 19:51:00,1588362660,0004.11,0001.84,25.1,0666.4,-28.1
2020-05-01 19:52:00,1588362720,0004.46,0001.99,25.1,0666.5,-28.1
2020-05-01 19:53:00,1588362780,0004.25,0001.70,25.1,0666.5,-28.2
2020-05-01 19:54:00,1588362840,0004.44,0001.59,25.1,0666.5,-28.2
2020-05-01 19:55:00,1588362900,0004.62,0002.00,25.1,0666.5,-28.2
2020-05-01 19:56:00,1588362960,0004.70,0001.80,25.1,0666.5,-28.3
2020-05-01 19:57:00,1588363020,,0001.44,25.1,0666.5,-28.3
2020-05-01 19:58:00,1588363080,,-000.92,25.2,0665.5,-28.4
2020-05-01 19:59:00,1588363140,,-000.19,25.3,0665.5,-28.4
2020-05-01 20:00:00,1588363200,,-000.06,25.3,0665.5,-28.4
2020-05-01 20:01:00,1588363260,,-000.24,25.3,0665.5,-28.5
2020-05-01 20:02:00,1588363320,,-000.24,25.3,0665.5,-28.5
2020-05-01 20:03:00,1588363380,,0000.97,25.3,0665.5,-28.6
2020-05-01 20:04:00,1588363440,0004.69,0002.19,25.2,0666.4,-28.6
2020-05-01 20:05:00,1588363500,0004.74,0001.63,25.1,0666.5,-28.6
2020-05-01 20:06:00,1588363560,0004.86,0002.53,25.1,0666.5,-28.7
2020-05-01 20:07:00,1588363620,0005.12,0001.51,25.1,0666.5,-28.7
2020-05-01 20:08:00,1588363680,0005.46,0002.54,25.1,0666.5,-28.8
2020-05-01 20:09:00,1588363740,0004.80,0001.68,25.1,0666.4,-28.8
2020-05-01 20:10:00,1588363800,0004.76,0001.50,25.1,0666.4,-28.9
2020-05-01 20:11:00,1588363860,0004.77,0001.99,25.1,0666.4,-28.9
2020-05-01 20:12:00,1588363920,0005.25,0002.08,25.1,0666.4,-28.9
2020-05-01 20:13:00,1588363980,0004.87,0002.31,25.1,0666.4,-29.0
2020-05-01 20:14:00,1588364040,0005.46,0001.54,25.1,0666.4,-29.0
2020-05-01 20:15:00,1588364100,0004.58,0002.19,25.1,0666.4,-29.1
2020-05-01 20:16:00,1588364160,0005.32,0002.09,25.1,0666.4,-29.2
2020-05-01 20:17:00,1588364220,0005.07,0001.63,25.1,0666.4,-29.2
2020-05-01 20:18:00,1588364280,0004.88,0002.09,25.1,0666.4,-29.3
2020-05-01 20:19:00,1588364340,0004.93,0002.02,25.1,0666.5,-29.2
2020-05-01 20:20:00,1588364400,0005.07,0002.17,25.1,0666.5,-29.2
2020-05-01 20:21:00,1588364460,0005.46,0001.82,25.1,0666.4,-29.2
2020-05-01 20:22:00,1588364520,0005.35,0001.94,25.1,0666.5,-29.2
2020-05-01 20:23:00,1588364580,0005.40,0001.86,25.1,0666.5,-29.3
2020-05-01 20:24:00,1588364640,0004.89,0002.77,25.1,0666.4,-29.3
2020-05-01 20:25:00,1588364700,0005.45,0002.11,25.1,0666.5,-29.3
2020-05-01 20:26:00,1588364760,0004.99,0001.68,25.1,0666.5,-29.3
2020-05-01 20:27:00,1588364820,0005.51,0002.28,25.1,0666.5,-29.4
2020-05-01 20:28:00,1588364880,0005.21,0001.75,25.1,0666.4,-29.4
2020-05-01 20:29:00,1588364940,0005.02,0002.15,25.1,0666.4,-29.4
2020-05-01 20:30:00,1588365000,0005.35,0001.93,25.1,0666.4,-29.4
2020-05-01 20:31:00,1588365060,0005.48,0001.81,25.0,0666.5,-29.4
2020-05-01 20:32:00,1588365120,0004.94,0002.24,25.0,0666.4,-29.4
2020-05-01 20:33:00,1588365180,0005.08,0002.02,25.0,0666.4,-29.5
2020-05-01 20:34:00,1588365240,0004.92,0002.35,25.0,0666.4,-29.5
2020-05-01 20:35:00,1588365300,0005.22,0002.23,25.0,0666.4,-29.5
2020-05-01 20:36:00,1588365360,0005.25,0002.03,25.0,0666.4,-29.6
2020-05-01 20:37:00,1588365420,0005.26,0002.39,25.0,0666.4,-29.7
2020-05-01 20:38:00,1588365480,0005.21,0002.05,25.0,0666.4,-29.7
2020-05-01 20:39:00,1588365540,0005.55,0001.88,25.0,0666.4,-29.8
2020-05-01 20:40:00,1588365600,0005.35,0002.25,25.0,0666.4,-29.8
2020-05-01 20:41:00,1588365660,0005.39,0002.35,25.0,0666.4,-29.8
2020-05-01 20:42:00,1588365720,0005.45,0002.24,25.0,0666.4,-29.8
2020-05-01 20:43:00,1588365780,0005.61,0001.63,25.0,0666.4,-29.8
2020-05-01 20:44:00,1588365840,0005.53,0002.99,24.9,0666.4,-29.8
2020-05-01 20:45:00,1588365900,0005.30,0001.70,24.9,0666.4,-29.9
2020-05-01 20:46:00,1588365960,0005.37,0002.15,24.9,0666.4,-29.8
2020-05-01 20:47:00,1588366020,0005.51,0001.61,24.9,0666.4,-29.8
2020-05-01 20:48:00,1588366080,0005.20,0002.24,24.9,0666.4,-29.8
2020-05-01 20:49:00,1588366140,0005.20,0001.89,24.9,0666.3,-29.9
2020-05-01 20:50:00,1588366200,0005.39,0002.41,24.9,0666.3,-30.0
2020-05-01 20:51:00,1588366260,0005.12,0001.68,25.0,0666.3,-30.0
2020-05-01 20:52:00,1588366320,0005.33,0002.93,24.9,0666.3,-30.1
2020-05-01 20:53:00,1588366380,0005.47,0002.24,24.9,0666.3,-30.2
2020-05-01 20:54:00,1588366440,0005.41,0002.09,25.0,0666.3,-30.3
2020-05-01 20:55:00,1588366500,0005.34,0002.60,25.0,0666.3,-30.4
2020-05-01 20:56:00,1588366560,0005.47,0002.09,25.0,0666.3,-30.5
2020-05-01 20:57:00,1588366620,,0001.08,25.0,0666.3,-30.5
2020-05-01 20:58:00,1588366680,,-000.34,25.1,0665.3,-30.6
2020-05-01 20:59:00,1588366740,,-000.54,25.2,0665.3,-30.7
2020-05-01 21:00:00,1588366800,,-000.18,25.2,0665.3,-30.7
2020-05-01 21:01:00,1588366860,,0000.40,25.2,0665.3,-30.7
2020-05-01 21:02:00,1588366920,,-000.58,25.2,0665.3,-30.7
2020-05-01 21:03:00,1588366980,,0001.95,25.2,0665.3,-30.7
2020-05-01 21:04:00,1588367040,0005.10,0002.05,25.1,0666.2,-30.7
2020-05-01 21:05:00,1588367100,0004.96,0001.92,25.0,0666.3,-30.7
2020-05-01 21:06:00,1588367160,0005.39,0002.58,25.0,0666.3,-30.7
2020-05-01 21:07:00,1588367220,0005.44,0002.50,25.0,0666.3,-30.8
2020-05-01 21:08:00,1588367280,0005.44,0002.06,25.0,0666.3,-30.8
2020-05-01 21:09:00,1588367340,0005.17,0002.45,25.0,0666.3,-30.8
2020-05-01 21:10:00,1588367400,0005.56,0001.95,25.0,0666.3,-30.8
2020-05-01 21:11:00,1588367460,0005.80,0002.53,25.0,0666.3,-30.9
2020-05-01 21:12:00,1588367520,0005.89,0002.31,25.0,0666.3,-30.9
2020-05-01 21:13:00,1588367580,0005.61,0002.20,25.0,0666.3,-30.9
2020-05-01 21:14:00,1588367640,0005.37,0001.91,25.0,0666.3,-30.9
2020-05-01 21:15:00,1588367700,0006.16,0002.83,25.0,0666.3,-31.0
2020-05-01 21:16:00,1588367760,0005.75,0002.39,25.0,0666.2,-31.1
2020-05-01 21:17:00,1588367820,0006.07,0001.90,25.0,0666.2,-31.1
2020-05-01 21:18:00,1588367880,0005.42,0002.21,25.0,0666.2,-31.1
2020-05-01 21:19:00,1588367940,0005.68,0002.70,25.0,0666.2,-31.1
2020-05-01 21:20:00,1588368000,0005.68,0002.55,25.0,0666.2,-31.2
2020-05-01 21:21:00,1588368060,0005.40,0002.05,25.0,0666.2,-31.1
2020-05-01 21:22:00,1588368120,0005.66,0002.52,25.0,0666.2,-31.2
2020-05-01 21:23:00,1588368180,0005.92,0002.41,25.0,0666.2,-31.2
2020-05-01 21:24:00,1588368240,0005.48,0002.16,25.0,0666.2,-31.3
2020-05-01 21:25:00,1588368300,0005.48,0002.52,25.0,0666.2,-31.3
2020-05-01 21:26:00,1588368360,0005.64,0002.55,25.0,0666.2,-31.4
2020-05-01 21:27:00,1588368420,0005.87,0002.19,25.0,0666.2,-31.4
2020-05-01 21:28:00,1588368480,0005.76,0002.20,25.0,0666.2,-31.4
2020-05-01 21:29:00,1588368540,0005.94,0003.02,25.0,0666.1,-31.4
2020-05-01 21:30:00,1588368600,0005.56,0002.05,25.0,0666.1,-31.5
2020-05-01 21:31:00,1588368660,0005.82,0002.54,25.0,0666.1,-31.5
2020-05-01 21:32:00,1588368720,0005.36,0002.51,25.0,0666.1,-31.5
2020-05-01 21:33:00,1588368780,0005.66,0002.38,25.0,0666.1,-31.5
2020-05-01 21:34:00,1588368840,0005.81,0002.29,25.0,0666.1,-31.6
2020-05-01 21:35:00,1588368900,0005.71,0002.56,25.0,0666.1,-31.6
2020-05-01 21:36:00,1588368960,0005.73,0002.00,25.0,0666.1,-31.6
2020-05-01 21:37:00,1588369020,0005.68,0002.80,25.0,0666.1,-31.5
2020-05-01 21:38:00,1588369080,0005.39,0002.20,25.0,0666.1,-31.6
2020-05-01 21:39:00,1588369140,0005.45,0002.49,25.0,0666.1,-31.6
2020-05-01 21:40:00,1588369200,0005.72,0002.53,25.0,0666.1,-31.6
2020-05-01 21:41:00,1588369260,0005.50,0002.27,25.0,0666.1,-31.5
2020-05-01 21:42:00,1588369320,0005.38,0002.19,24.9,0666.1,-31.5
2020-05-01 21:43:00,1588369380,0005.68,0002.81,24.9,0666.1,-31.5
2020-05-01 21:44:00,1588369440,0006.11,0002.37,24.9,0666.1,-31.6
2020-05-01 21:45:00,1588369500,0005.69,0002.23,24.9,0666.1,-31.5
2020-05-01 21:46:00,1588369560,0005.70,0002.60,24.9,0666.1,-31.5
2020-05-01 21:47:00,1588369620,0005.87,0002.26,24.9,0666.1,-31.5
2020-05-01 21:48:00,1588369680,0005.47,0002.25,24.9,0666.0,-31.6
2020-05-01 21:49:00,1588369740,0005.81,0002.51,24.9,0666.0,-31.6
2020-05-01 21:50:00,1588369800,0005.41,0002.64,24.9,0666.0,-31.7
2020-05-01 21:51:00,1588369860,0005.70,0002.51,24.9,0666.0,-31.9
2020-05-01 21:52:00,1588369920,0005.95,0002.37,24.9,0666.0,-32.0
2020-05-01 21:53:00,1588369980,0005.58,0002.85,24.9,0666.0,-32.2
2020-05-01 21:54:00,1588370040,0005.70,0002.46,24.9,0666.0,-32.3
2020-05-01 21:55:00,1588370100,0005.70,0002.56,24.8,0666.0,-32.3
2020-05-01 21:56:00,1588370160,0005.54,0002.16,24.8,0666.0,-32.4
2020-05-01 21:57:00,1588370220,,0001.61,24.9,0666.0,-32.5
2020-05-01 21:58:00,1588370280,,-000.74,25.0,0665.0,-32.5
2020-05-01 21:59:00,1588370340,,-000.35,25.1,0665.0,-32.5
2020-05-01 22:00:00,1588370400,,0000.02,25.0,0665.0,-32.6
2020-05-01 22:01:00,1588370460,,-000.28,25.1,0665.0,-32.7
2020-05-01 22:02:00,1588370520,,0000.01,25.1,0665.0,-32.7
2020-05-01 22:03:00,1588370580,,0001.10,25.1,0665.0,-32.7
2020-05-01 22:04:00,1588370640,0005.85,0002.33,24.9,0666.0,-32.8
2020-05-01 22:05:00,1588370700,0005.63,0002.14,24.9,0666.1,-32.8
2020-05-01 22:06:00,1588370760,0005.93,0002.50,24.8,0666.1,-32.9
2020-05-01 22:07:00,1588370820,0005.65,0002.12,24.8,0666.1,-32.9
2020-05-01 22:08:00,1588370880,0005.93,0002.46,24.8,0666.1,-33.0
2020-05-01 22:09:00,1588370940,0005.69,0002.15,24.8,0666.1,-33.0
2020-05-01 22:10:00,1588371000,0005.56,0002.61,24.8,0666.1,-33.0
2020-05-01 22:11:00,1588371060,0005.39,0002.67,24.8,0666.1,-33.1
2020-05-01 22:12:00,1588371120,0005.80,0002.47,24.8,0666.1,-33.2
2020-05-01 22:13:00,1588371180,0005.56,0002.60,24.8,0666.1,-33.2
2020-05-01 22:14:00,1588371240,0005.75,0002.81,24.8,0666.1,-33.3
2020-05-01 22:15:00,1588371300,0005.67,0002.04,24.8,0666.1,-33.4
2020-05-01 22:16:00,1588371360,0005.48,0002.49,24.8,0666.1,-33.5
2020-05-01 22:17:00,1588371420,0005.84,0002.23,24.8,0666.1,-33.5
2020-05-01 22:18:00,1588371480,0005.88,0002.57,24.8,0666.1,-33.5
2020-05-01 22:19:00,1588371540,0005.60,0002.46,24.8,0666.1,-33.5
2020-05-01 22:20:00,1588371600,0005.80,0002.75,24.8,0666.1,-33.5
2020-05-01 22:21:00,1588371660,0005.68,0002.12,24.8,0666.0,-33.6
2020-05-01 22:22:00,1588371720,0005.91,0002.28,24.8,0666.0,-33.7
2020-05-01 22:23:00,1588371780,0005.76,0001.80,24.8,0666.0,-33.7
2020-05-01 22:24:00,1588371840,0005.43,0003.11,24.8,0666.0,-33.8
2020-05-01 22:25:00,1588371900,0005.84,0002.55,24.8,0666.0,-33.9
2020-05-01 22:26:00,1588371960,0005.69,0002.51,24.7,0666.0,-33.9
2020-05-01 22:27:00,1588372020,0005.47,0002.48,24.7,0666.0,-33.9
2020-05-01 22:28:00,1588372080,0005.96,0002.60,24.7,0666.0,-33.9
2020-05-01 22:29:00,1588372140,0005.72,0002.48,24.7,0666.0,-34.0
2020-05-01 22:30:00,1588372200,0005.67,0002.67,24.7,0666.0,-34.0
2020-05-01 22:31:00,1588372260,0005.34,0002.27,24.7,0666.0,-34.0
2020-05-01 22:32:00,1588372320,0005.55,0002.58,24.7,0666.0,-34.0
2020-05-01 22:33:00,1588372380,0005.64,0002.32,24.7,0666.0,-33.9
2020-05-01 22:34:00,1588372440,0005.70,0002.16,24.7,0666.0,-33.9
2020-05-01 22:35:00,1588372500,0005.59,0002.38,24.7,0666.0,-33.9
2020-05-01 22:36:00,1588372560,0005.92,0002.43,24.7,0666.0,-33.9
2020-05-01 22:37:00,1588372620,0005.21,0002.60,24.7,0666.0,-33.8
2020-05-01 22:38:00,1588372680,0005.88,0001.76,24.7,0666.0,-33.6
2020-05-01 22:39:00,1588372740,0005.38,0002.61,24.7,0666.0,-33.6
2020-05-01 22:40:00,1588372800,0005.61,0002.65,24.6,0666.0,-33.7
2020-05-01 22:41:00,1588372860,0005.68,0002.13,24.6,0666.0,-33.7
2020-05-01 22:42:00,1588372920,0005.94,0002.62,24.6,0666.0,-33.7
2020-05-01 22:43:00,1588372980,0005.71,0002.47,24.6,0665.9,-33.7
2020-05-01 22:44:00,1588373040,0005.70,0002.31,24.6,0665.9,-33.7
2020-05-01 22:45:00,1588373100,0005.43,0002.28,24.6,0665.9,-33.8
2020-05-01 22:46:00,1588373160,0005.51,0002.36,24.6,0665.9,-33.9
2020-05-01 22:47:00,1588373220,0005.33,0002.48,24.6,0665.9,-34.0
2020-05-01 22:48:00,1588373280,0005.48,0002.90,24.6,0665.9,-34.0
2020-05-01 22:49:00,1588373340,0006.00,0002.32,24.6,0665.9,-34.1
2020-05-01 22:50:00,1588373400,0005.70,0002.34,24.6,0665.9,-34.2
2020-05-01 22:51:00,1588373460,0005.43,0002.68,24.6,0665.9,-34.2
2020-05-01 22:52:00,1588373520,0005.38,0002.24,24.6,0665.9,-34.3
2020-05-01 22:53:00,1588373580,0005.75,0002.13,24.6,0665.9,-34.4
2020-05-01 22:54:00,1588373640,0005.54,0002.13,24.6,0666.0,-34.4
2020-05-01 22:55:00,1588373700,0005.67,0002.21,24.6,0666.0,-34.5
2020-05-01 22:56:00,1588373760,0005.46,0002.37,24.6,0666.0,-34.6
2020-05-01 22:57:00,1588373820,,0001.36,24.7,0665.9,-34.7
2020-05-01 22:58:00,1588373880,,-000.53,24.8,0664.9,-34.7
2020-05-01 22:59:00,1588373940,,0000.09,24.9,0664.9,-34.6
2020-05-01 23:00:00,1588374000,,-000.50,24.9,0664.9,-34.6
2020-05-01 23:01:00,1588374060,,-000.21,24.9,0664.9,-34.7
2020-05-01 23:02:00,1588374120,,0000.01,24.9,0664.9,-34.7
2020-05-01 23:03:00,1588374180,,0001.63,24.9,0664.9,-34.7
2020-05-01 23:04:00,1588374240,0005.42,0002.17,24.7,0665.9,-34.7
2020-05-01 23:05:00,1588374300,0005.38,0002.06,24.7,0666.0,-34.7
2020-05-01 23:06:00,1588374360,0005.06,0002.57,24.7,0666.0,-34.8
2020-05-01 23:07:00,1588374420,0005.15,0002.81,24.7,0666.0,-34.9
2020-05-01 23:08:00,1588374480,0005.10,0002.47,24.7,0665.9,-34.9
2020-05-01 23:09:00,1588374540,0005.19,0002.61,24.7,0665.9,-35.0
2020-05-01 23:10:00,1588374600,0005.40,0002.18,24.7,0665.9,-35.0
2020-05-01 23:11:00,1588374660,0005.49,0002.50,24.7,0665.9,-35.0
2020-05-01 23:12:00,1588374720,0005.00,0002.22,24.7,0665.9,-35.0
2020-05-01 23:13:00,1588374780,0005.30,0002.66,24.7,0665.9,-35.1
2020-05-01 23:14:00,1588374840,0005.53,0001.84,24.7,0665.9,-35.2
2020-05-01 23:15:00,1588374900,0005.22,0002.30,24.7,0665.9,-35.3
2020-05-01 23:16:00,1588374960,0005.10,0001.92,24.6,0665.9,-35.3
2020-05-01 23:17:00,1588375020,0005.37,0002.38,24.7,0665.9,-35.3
2020-05-01 23:18:00,1588375080,0005.38,0002.03,24.6,0665.8,-35.2
2020-05-01 23:19:00,1588375140,0005.31,0002.32,24.6,0665.8,-35.2
2020-05-01 23:20:00,1588375200,0005.48,0002.52,24.6,0665.8,-35.2
2020-05-01 23:21:00,1588375260,0005.17,0002.08,24.6,0665.8,-35.2
2020-05-01 23:22:00,1588375320,0004.80,0002.00,24.6,0665.8,-35.1
2020-05-01 23:23:00,1588375380,0004.78,0002.41,24.6,0665.8,-35.0
2020-05-01 23:24:00,1588375440,0005.47,0002.16,24.6,0665.8,-34.9
2020-05-01 23:25:00,1588375500,0005.36,0002.11,24.6,0665.8,-34.9
2020-05-01 23:26:00,1588375560,0005.24,0002.56,24.6,0665.8,-34.8
2020-05-01 23:27:00,1588375620,0005.31,0001.97,24.6,0665.8,-34.8
2020-05-01 23:28:00,1588375680,0005.34,0002.13,24.6,0665.8,-34.7
2020-05-01 23:29:00,1588375740,0005.22,0002.03,24.6,0665.8,-34.7
2020-05-01 23:30:00,1588375800,0005.42,0002.72,24.6,0665.8,-34.7
2020-05-01 23:31:00,1588375860,0005.06,0001.68,24.6,0665.8,-34.7
2020-05-01 23:32:00,1588375920,0005.01,0002.14,24.6,0665.8,-34.5
2020-05-01 23:33:00,1588375980,0005.28,0002.08,24.6,0665.8,-34.5
2020-05-01 23:34:00,1588376040,0005.31,0002.51,24.6,0665.8,-34.4
2020-05-01 23:35:00,1588376100,0004.74,0002.37,24.6,0665.8,-34.5
2020-05-01 23:36:00,1588376160,0005.30,0002.30,24.6,0665.8,-34.5
2020-05-01 23:37:00,1588376220,0005.08,0002.17,24.5,0665.8,-34.5
2020-05-01 23:38:00,1588376280,0005.11,0001.62,24.6,0665.8,-34.4
2020-05-01 23:39:00,1588376340,0005.40,0002.78,24.6,0665.8,-34.4
2020-05-01 23:40:00,1588376400,0005.37,0001.95,24.5,0665.8,-34.4
2020-05-01 23:41:00,1588376460,0005.28,0002.50,24.5,0665.7,-34.4
2020-05-01 23:42:00,1588376520,0005.09,0002.41,24.5,0665.7,-34.4
2020-05-01 23:43:00,1588376580,0005.45,0001.92,24.5,0665.7,-34.3
2020-05-01 23:44:00,1588376640,0004.93,0003.13,24.5,0665.7,-34.0
2020-05-01 23:45:00,1588376700,0005.15,0001.97,24.5,0665.7,-33.9
2020-05-01 23:46:00,1588376760,0005.14,0002.45,24.5,0665.7,-33.9
2020-05-01 23:47:00,1588376820,0005.27,0001.76,24.5,0665.8,-34.0
2020-05-01 23:48:00,1588376880,0005.20,0002.07,24.5,0665.8,-34.0
2020-05-01 23:49:00,1588376940,0004.84,0002.45,24.5,0665.8,-33.9
2020-05-01 23:50:00,1588377000,0004.99,0001.88,24.5,0665.8,-33.8
2020-05-01 23:51:00,1588377060,0005.25,0002.13,24.5,0665.8,-33.8
2020-05-01 23:52:00,1588377120,0005.01,0002.61,24.4,0665.8,-33.8
2020-05-01 23:53:00,1588377180,0005.04,0002.08,24.5,0665.8,-33.8
2020-05-01 23:54:00,1588377240,0005.11,0002.74,24.4,0665.7,-33.7
2020-05-01 23:55:00,1588377300,0004.99,0002.17,24.4,0665.7,-33.6
2020-05-01 23:56:00,1588377360,0005.25,0002.83,24.4,0665.7,-33.4
2020-05-01 23:57:00,1588377420,,0000.45,24.5,0665.7,-33.4
2020-05-01 23:58:00,1588377480,,-000.41,24.6,0664.8,-33.3
2020-05-01 23:59:00,1588377540,,-000.26,24.7,0664.7,-33.3
